egg,lane,policy,n_runs,win_rate,win_rate_lo,win_rate_hi,win_rate_k,lose_final_r1,lose_final_r2,lose_final_r3,lose_final_r4,lose_final_r5,lose_final_r6,lose_final_r7,lose_final_r8,first_death_r1,first_death_r2,first_death_r3,first_death_r4,first_death_r5,first_death_r6,first_death_r7,first_death_r8,revive_used_rate,revive_success_given_used,swipes_n,swipes_mean,swipes_ci_lo,swipes_ci_hi,swipes_min,swipes_p10,swipes_median,swipes_p90,swipes_max,swipes_win_n,swipes_win_mean,swipes_win_ci_lo,swipes_win_ci_hi,swipes_win_min,swipes_win_p10,swipes_win_median,swipes_win_p90,swipes_win_max,min_lo_n,min_lo_mean,min_lo_ci_lo,min_lo_ci_hi,min_lo_min,min_lo_p10,min_lo_median,min_lo_p90,min_lo_max,min_hi_n,min_hi_mean,min_hi_ci_lo,min_hi_ci_hi,min_hi_min,min_hi_p10,min_hi_median,min_hi_p90,min_hi_max,min_lo_win_n,min_lo_win_mean,min_lo_win_ci_lo,min_lo_win_ci_hi,min_lo_win_min,min_lo_win_p10,min_lo_win_median,min_lo_win_p90,min_lo_win_max,min_hi_win_n,min_hi_win_mean,min_hi_win_ci_lo,min_hi_win_ci_hi,min_hi_win_min,min_hi_win_p10,min_hi_win_median,min_hi_win_p90,min_hi_win_max,min_target_hit_win_rate,swipes_median_r1,swipes_median_r2,swipes_median_r3,swipes_median_r4,swipes_median_r5,swipes_median_r6,swipes_median_r7,swipes_median_r8,jam_run_rate,jam_events_per_run,jam_swipe_frac,jam_hp_lost_mean,enemy_hp_lost_mean,jam_share_of_hp_loss,casts_n,casts_mean,casts_ci_lo,casts_ci_hi,casts_min,casts_p10,casts_median,casts_p90,casts_max,casts_per_100_swipes,skill_dmg_mean,ord_dmg_mean,skill_armor_mean,ord_armor_mean,skill_heal_mean,ord_heal_mean,armor_blocked_mean,skill_dmg_share,skill_armor_share,skill_heal_share,stag_reached_rate,stag_win_given_reached,stag_hp_left_frac_at_loss_n,stag_hp_left_frac_at_loss_mean,stag_hp_left_frac_at_loss_ci_lo,stag_hp_left_frac_at_loss_ci_hi,stag_hp_left_frac_at_loss_min,stag_hp_left_frac_at_loss_p10,stag_hp_left_frac_at_loss_median,stag_hp_left_frac_at_loss_p90,stag_hp_left_frac_at_loss_max,stag_runs,roots_applied_per_stag_run,root_hits_per_stag_run,roots_released_per_stag_run,root_release_ratio
egg1,balanced,greedy-egg,400,0,0,0.0095,0,0.015,0.475,0.2275,0.24,0.005,0.0075,0.0075,0.0225,0.015,0.5025,0.2225,0.2325,0.0075,0,0.005,0.015,1,0.1525,400,38.6175,36.7161,40.5189,16,20,33,64,129,0,NaN,NaN,NaN,NaN,NaN,NaN,NaN,NaN,400,1.1434,1.0925,1.1942,0.5667,0.6667,0.9917,1.7667,3.6,400,1.787,1.7045,1.8694,0.8333,1,1.5417,2.8333,5.7083,0,NaN,NaN,NaN,NaN,NaN,NaN,NaN,NaN,0,NaN,NaN,NaN,NaN,NaN,NaN,NaN,NaN,NaN,16,12,12,6,8,10,14,12,0,0,0,0,163.9775,0,400,7.215,6.8328,7.5972,3,4,6,12,26,18.6832,32.705,177.4675,98.6,40.76,0,39.8625,101.7225,0.1556,0.7075,0,0.0225,0,9,0.8827,0.8135,0.9518,0.67,0.7333,0.9175,0.9717,0.9783,9,6,9,4.6667,0.7778
egg1,balanced,greedy,400,0,0,0.0095,0,0.0075,0.345,0.1275,0.2525,0.0075,0.02,0.0025,0.2375,0.0075,0.3725,0.1175,0.2525,0.015,0.0175,0.005,0.2125,1,0.1175,400,79.0525,73.7869,84.3181,17,24.9,63,158.1,291,0,NaN,NaN,NaN,NaN,NaN,NaN,NaN,NaN,400,2.2201,2.0783,2.3618,0.5917,0.7892,1.7542,4.4525,7.6083,400,3.5376,3.3083,3.7669,0.875,1.2042,2.7917,7.0875,12.4583,0,NaN,NaN,NaN,NaN,NaN,NaN,NaN,NaN,0,NaN,NaN,NaN,NaN,NaN,NaN,NaN,NaN,NaN,21,18,18,24,19.5,17,17,24,0.1225,0.2225,0.0028,5.73,312.7525,0.018,400,15.445,14.3677,16.5223,3,4.9,12,32,59,19.5376,73.5275,283.0675,216.2,288.455,0,192.55,293.42,0.2062,0.4284,0,0.2375,0,95,0.8394,0.8095,0.8692,0.23,0.65,0.8875,0.9843,1,95,15.6632,21.6421,15.1789,0.9691
egg1,balanced,random,400,0.0025,0.0004,0.014,1,0.04,0.3975,0.075,0.2875,0.02,0.015,0.0025,0.16,0.04,0.4075,0.09,0.2875,0.0175,0.01,0.0025,0.1425,0.9975,0.1078,400,73.805,68.5602,79.0498,16,23,58.5,154.1,316,1,218,218,218,218,218,218,218,218,400,2.0651,1.9261,2.2042,0.5667,0.7417,1.6292,4.35,8.2333,400,3.2952,3.0689,3.5216,0.8333,1.125,2.6042,6.9208,13.5,1,5.7833,5.7833,5.7833,5.7833,5.7833,5.7833,5.7833,5.7833,1,9.4167,9.4167,9.4167,9.4167,9.4167,9.4167,9.4167,9.4167,0,22,19,19,21,19,22,17,24,0.1575,0.3525,0.0048,8.9125,287.8325,0.03,400,14.395,13.3233,15.4667,3,4,11,31,65,19.5041,69.0625,235.1975,212.8,231.9425,0,173.755,269.9675,0.227,0.4785,0,0.1625,0.0154,64,0.8656,0.8414,0.8899,0.6417,0.7071,0.9017,0.9741,1,65,16.1538,21.4308,15.6923,0.9714
egg1,math,greedy-egg,400,0,0,0.0095,0,0,0.48,0.3275,0.18,0,0.0025,0,0.01,0,0.53,0.305,0.155,0.0025,0,0,0.0075,1,0.11,400,36.03,34.444,37.616,17,20,32.5,58,124,0,NaN,NaN,NaN,NaN,NaN,NaN,NaN,NaN,400,1.0712,1.0301,1.1123,0.5917,0.6667,0.9792,1.6167,3.6,400,1.6717,1.6042,1.7391,0.875,1,1.5208,2.5833,5.6667,0,NaN,NaN,NaN,NaN,NaN,NaN,NaN,NaN,0,NaN,NaN,NaN,NaN,NaN,NaN,NaN,NaN,NaN,15,12,9,6,12.5,12,17,9,0,0,0,0,158.1725,0,400,6.7325,6.4164,7.0486,3,4,6,11,25,18.6858,45.51,148.7175,66.15,38.1525,0,37.13,82.255,0.2343,0.6342,0,0.01,0,4,0.8444,0.6729,1.0159,0.5908,0.6781,0.8983,0.9675,0.99,4,4,5.75,3,0.75
egg1,math,greedy,400,0,0,0.0095,0,0,0.2675,0.1975,0.3225,0.02,0.0225,0.01,0.16,0,0.3,0.1975,0.3025,0.02,0.0275,0.0025,0.15,1,0.11,400,72.2725,67.562,76.983,17,24,62,142.1,278,0,NaN,NaN,NaN,NaN,NaN,NaN,NaN,NaN,400,2.0301,1.9033,2.1569,0.5917,0.7667,1.7167,4,7.45,400,3.2347,3.0295,3.4399,0.875,1.1667,2.75,6.3458,12.0833,0,NaN,NaN,NaN,NaN,NaN,NaN,NaN,NaN,0,NaN,NaN,NaN,NaN,NaN,NaN,NaN,NaN,NaN,20,19,17,18,19.5,15,18.5,18.5,0.095,0.165,0.0023,4.025,299.33,0.0133,400,14.07,13.1028,15.0372,3,4,12,28.1,58,19.468,98.1175,237.2175,143.85,254.355,0,179.7225,236.735,0.2926,0.3612,0,0.16,0,64,0.8408,0.8006,0.881,0.23,0.5962,0.8887,0.9865,1,64,14.5,20.0469,14.0625,0.9698
egg1,math,random,400,0,0,0.0095,0,0.0125,0.3675,0.1725,0.2975,0.0125,0.0125,0.01,0.115,0.0125,0.4075,0.1575,0.285,0.0125,0.01,0.01,0.105,1,0.1125,400,67.32,62.7463,71.8937,16,23,53.5,132.2,256,0,NaN,NaN,NaN,NaN,NaN,NaN,NaN,NaN,400,1.888,1.7664,2.0096,0.5667,0.7417,1.5042,3.6892,6.7333,400,3.01,2.8123,3.2077,0.8333,1.125,2.3958,5.9208,11,0,NaN,NaN,NaN,NaN,NaN,NaN,NaN,NaN,0,NaN,NaN,NaN,NaN,NaN,NaN,NaN,NaN,NaN,20,20,17,19,18.5,26,18,18,0.1075,0.1975,0.0029,4.89,275.105,0.0175,400,13.105,12.1706,14.0394,3,4,10,26,51,19.4667,87.3375,193.2625,140.475,212.155,0,158.0175,216.6675,0.3113,0.3984,0,0.115,0,46,0.9186,0.8934,0.9439,0.4875,0.8325,0.9479,0.9796,0.995,46,11.6522,16.1087,11.0435,0.9478
egg1,science,greedy-egg,400,0,0,0.0095,0,0.005,0.795,0.1925,0.0075,0,0,0,0,0.005,0.885,0.105,0.005,0,0,0,0,1,0.1275,400,25.2,24.4709,25.9291,16,19,23,36,63,0,NaN,NaN,NaN,NaN,NaN,NaN,NaN,NaN,400,0.7967,0.7784,0.8149,0.5667,0.6417,0.7417,1.0667,1.7417,400,1.2167,1.1863,1.247,0.8333,0.9583,1.125,1.6667,2.7917,0,NaN,NaN,NaN,NaN,NaN,NaN,NaN,NaN,0,NaN,NaN,NaN,NaN,NaN,NaN,NaN,NaN,NaN,15,8,6,3,NaN,NaN,NaN,NaN,0,0,0,0,147.1025,0,400,4.6325,4.4852,4.7798,3,3,4,7,12,18.3829,45.7025,87.955,0,24.875,0,25.5,20.4175,0.3419,0,0,0,NaN,0,NaN,NaN,NaN,NaN,NaN,NaN,NaN,NaN,0,NaN,NaN,NaN,0
egg1,science,greedy,400,0,0,0.0095,0,0,0.4825,0.27,0.2225,0.0025,0,0.0025,0.02,0,0.55,0.245,0.1875,0.0025,0,0.0025,0.0125,1,0.12,400,46.425,43.6478,49.2022,17,21,38,80,233,0,NaN,NaN,NaN,NaN,NaN,NaN,NaN,NaN,400,1.3331,1.2621,1.4041,0.5917,0.6917,1.1167,2.1692,5.9917,400,2.1069,1.9896,2.2241,0.875,1.0417,1.75,3.5042,9.875,0,NaN,NaN,NaN,NaN,NaN,NaN,NaN,NaN,0,NaN,NaN,NaN,NaN,NaN,NaN,NaN,NaN,NaN,18,15,12,12,23,30,26.5,15,0.02,0.03,0.0006,0.78,241.835,0.0032,400,8.8575,8.2994,9.4156,3,4,7,16,46,19.0792,87.915,119.005,0,141.14,0,121.44,79.0425,0.4249,0,0,0.02,0,8,0.9329,0.8967,0.9691,0.8425,0.867,0.9496,0.9852,0.9875,8,10.25,14.25,9.75,0.9512
egg1,science,random,400,0,0,0.0095,0,0.025,0.63,0.1875,0.1425,0.0025,0.0025,0.0025,0.0075,0.025,0.6925,0.165,0.11,0.0025,0,0.0025,0.0025,1,0.1425,400,40.3125,38.0274,42.5976,16,21,31.5,75,182,0,NaN,NaN,NaN,NaN,NaN,NaN,NaN,NaN,400,1.1778,1.1192,1.2365,0.5667,0.6917,0.9542,2.0417,5.05,400,1.8497,1.753,1.9464,0.8333,1.0417,1.4792,3.2917,8.0833,0,NaN,NaN,NaN,NaN,NaN,NaN,NaN,NaN,0,NaN,NaN,NaN,NaN,NaN,NaN,NaN,NaN,NaN,19,12,12.5,12,20,14,13,12,0.02,0.025,0.0006,0.48,220.8525,0.0022,400,7.6525,7.1932,8.1118,3,4,6,15,36,18.9829,75.7575,95.7875,0,92.58,0,99.03,57,0.4416,0,0,0.0075,0,3,0.9092,0.7973,1.0211,0.795,0.8292,0.9658,0.9665,0.9667,3,8.6667,10.3333,8.3333,0.9615
egg2,balanced,greedy-egg,400,0,0,0.0095,0,0.005,0.1275,0.115,0.585,0.0125,0.01,0.0125,0.1325,0.005,0.13,0.125,0.585,0.0125,0.01,0.0125,0.12,1,0.17,400,491.7625,473.1333,510.3917,67,263.8,486.5,734.4,1278,0,NaN,NaN,NaN,NaN,NaN,NaN,NaN,NaN,400,12.5095,12.0424,12.9766,1.8417,6.8792,12.4042,18.5267,32.1167,400,20.7055,19.928,21.483,2.9583,11.1667,20.5417,30.7667,53.4167,0,NaN,NaN,NaN,NaN,NaN,NaN,NaN,NaN,0,NaN,NaN,NaN,NaN,NaN,NaN,NaN,NaN,NaN,108,138.5,150,78,39,34.5,36,39,0.965,7.0225,0.0143,172.67,1014.67,0.1454,400,82.1475,78.9964,85.2986,11,43,81.5,123.1,225,16.7047,0,358.7175,930.16,5561.885,0,1073.5075,2741.7225,0,0.1433,0,0.1325,0,53,0.8294,0.7689,0.8899,0.0233,0.5265,0.9317,0.9993,1,53,30.3396,38.9623,30,0.9888
egg2,balanced,greedy,400,0.005,0.0014,0.018,2,0.0275,0.17,0.115,0.4025,0.01,0.01,0.0125,0.2475,0.0325,0.18,0.115,0.3925,0.0075,0.01,0.0125,0.245,0.995,0.0879,400,205.68,194.0531,217.3069,16,46.9,199,350.9,625,2,415.5,353.76,477.24,384,390.3,415.5,440.7,447,400,5.3853,5.089,5.6817,0.5667,1.3392,5.2292,9.1017,15.9583,400,8.8133,8.3233,9.3033,0.8333,2.1208,8.5,14.9458,26.375,2,10.6375,9.2573,12.0177,9.9333,10.0742,10.6375,11.2008,11.3417,2,17.5625,15.1533,19.9717,16.3333,16.5792,17.5625,18.5458,18.7917,1,49,46,41,46,53,31,43,27,0.55,1.6125,0.0078,39.0775,631.86,0.0582,400,34.125,32.1508,36.0992,2,7,33,59,104,16.5913,0,395.3925,435.24,1382.0025,0,557.68,964.4925,0,0.2395,0,0.2525,0.0198,99,0.8753,0.8418,0.9089,0.1717,0.6895,0.9333,1,1,101,22.8911,31.7426,22.4455,0.9805
egg2,balanced,random,400,0,0,0.0095,0,0.0925,0.215,0.145,0.3625,0.015,0.0075,0.01,0.1525,0.1025,0.225,0.135,0.37,0.0125,0.0075,0.01,0.1375,1,0.1125,400,175.795,165.5547,186.0353,16,39.9,170,310.1,544,0,NaN,NaN,NaN,NaN,NaN,NaN,NaN,NaN,400,4.6149,4.3539,4.8758,0.5667,1.1642,4.4292,8.1517,14.1,400,7.5448,7.1133,7.9763,0.8333,1.8292,7.25,13.2625,23.1667,0,NaN,NaN,NaN,NaN,NaN,NaN,NaN,NaN,0,NaN,NaN,NaN,NaN,NaN,NaN,NaN,NaN,NaN,51,48,36,35,30,25,30,18,0.6375,1.8475,0.0105,44.9175,527.41,0.0785,400,29.125,27.3886,30.8614,2,6,28,52,92,16.5676,0,307.6225,372.965,1101.0975,0,459,795.4875,0,0.253,0,0.1525,0,61,0.9115,0.883,0.94,0.4558,0.7658,0.955,1,1,61,13.4426,16.9344,13.0492,0.9707
egg2,math,greedy-egg,400,0,0,0.0095,0,0,0.025,0.0475,0.5325,0.025,0.015,0.0075,0.3475,0,0.035,0.0525,0.54,0.025,0.0175,0.0075,0.3225,1,0.1375,400,379.7925,358.7023,400.8827,35,147.8,316,661.5,1115,0,NaN,NaN,NaN,NaN,NaN,NaN,NaN,NaN,400,9.769,9.2434,10.2946,1.0417,3.8667,8.1667,16.8433,28.2083,400,16.0989,15.2218,16.9759,1.625,6.3333,13.3542,27.8792,46.7917,0,NaN,NaN,NaN,NaN,NaN,NaN,NaN,NaN,0,NaN,NaN,NaN,NaN,NaN,NaN,NaN,NaN,NaN,42,69,57,64,33,35.5,24,24,0.795,4.7375,0.0125,116.6875,882.9175,0.1167,400,63.6,60.0508,67.1492,5,24,53,112.1,186,16.746,176.5725,307.1825,739.32,4012.115,0,883.7075,1941.9325,0.365,0.1556,0,0.3475,0,139,0.8709,0.8434,0.8984,0.0783,0.7102,0.935,0.9833,1,139,22.6331,30.1511,22.2446,0.9828
egg2,math,greedy,400,0,0,0.0095,0,0.0025,0.175,0.095,0.3875,0.015,0.0175,0.02,0.2875,0.0025,0.1975,0.095,0.405,0.0125,0.0225,0.0175,0.2475,1,0.14,400,182.525,170.6102,194.4398,16,37.9,159.5,349.1,578,0,NaN,NaN,NaN,NaN,NaN,NaN,NaN,NaN,400,4.8223,4.5175,5.1271,0.5667,1.1142,4.3417,9.1925,14.7833,400,7.8644,7.3612,8.3676,0.8333,1.7458,7.0208,15.0083,24.4167,0,NaN,NaN,NaN,NaN,NaN,NaN,NaN,NaN,0,NaN,NaN,NaN,NaN,NaN,NaN,NaN,NaN,NaN,36,38,32,42,51,30,34,24,0.4475,1.35,0.0074,32.5225,593.755,0.0519,400,30.25,28.2267,32.2733,2,6,26,58.1,96,16.5731,79.8375,340.6625,345.36,1200.845,0,509.6075,755.055,0.1899,0.2234,0,0.2875,0,115,0.8774,0.8444,0.9104,0.0183,0.7545,0.9442,0.9987,1,115,18.9913,26.7913,18.5826,0.9785
egg2,math,random,400,0,0,0.0095,0,0.0225,0.255,0.1175,0.4275,0.0225,0.01,0.015,0.13,0.03,0.27,0.1225,0.425,0.015,0.01,0.0125,0.115,1,0.13,400,149.755,139.8308,159.6792,16,31,136,288.4,547,0,NaN,NaN,NaN,NaN,NaN,NaN,NaN,NaN,400,3.958,3.705,4.2111,0.5667,0.9417,3.5667,7.5333,14.175,400,6.454,6.0356,6.8723,0.8333,1.4583,5.8333,12.3417,23.2917,0,NaN,NaN,NaN,NaN,NaN,NaN,NaN,NaN,0,NaN,NaN,NaN,NaN,NaN,NaN,NaN,NaN,NaN,36,37,32,30,24,25,26,22.5,0.485,1.385,0.0092,33.6975,488.115,0.0646,400,24.72,23.0354,26.4046,2,5,22,48.1,96,16.507,62.13,256.9675,286.12,888.7125,0,406.815,582.5425,0.1947,0.2435,0,0.13,0,52,0.8911,0.8573,0.925,0.4483,0.7518,0.9346,0.9933,1,52,15.4615,19.8462,15.0385,0.9726
egg2,science,greedy-egg,400,0.005,0.0014,0.018,2,0,0.025,0.0175,0.6775,0.0125,0.015,0.0125,0.235,0,0.025,0.0175,0.7,0.01,0.015,0.0125,0.215,0.995,0.1131,400,614.1675,595.8983,632.4367,245,394.3,593,872.6,1460,2,470,401.4,538.6,435,442,470,498,505,400,15.5946,15.1357,16.0535,6.2917,10.2842,14.9917,22.1208,36.8333,400,25.8307,25.0674,26.594,10.375,16.7833,24.875,36.5458,61.1667,2,12.25,10.535,13.965,11.375,11.55,12.25,12.95,13.125,2,20.0833,17.225,22.9417,18.625,18.9167,20.0833,21.25,21.5417,1,108.5,146.5,161,126,42,33,36,55.5,0.9975,10.4025,0.0169,258.61,1540.9625,0.1437,400,102.9525,99.8473,106.0577,40,65,98,146.1,257,16.7629,0,466.96,1037.995,6780.55,857.12,828.575,3318.62,0,0.1328,0.5085,0.24,0.0208,94,0.8257,0.7853,0.866,0.1692,0.4988,0.9163,0.999,1,96,42.0208,49.6458,41.7917,0.9945
egg2,science,greedy,400,0.005,0.0014,0.018,2,0,0,0.0075,0.4175,0.0125,0.01,0.005,0.5425,0,0,0.0125,0.44,0.01,0.01,0.005,0.52,0.9975,0.1278,400,287.9175,277.7438,298.0912,101,168,273.5,411,719,2,326,263.28,388.72,294,300.4,326,351.6,358,400,7.5304,7.274,7.7869,2.6917,4.4642,7.2,10.4675,18.3083,400,12.3291,11.9033,12.7548,4.375,7.1667,11.6875,17.2958,30.2917,2,8.5667,7.162,9.9713,7.85,7.9933,8.5667,9.14,9.2833,2,14,11.55,16.45,12.75,13,14,15,15.25,1,49,50,43,57,54,34,34.5,32,0.8375,2.9675,0.0103,73.3375,1143.055,0.0603,400,48.1575,46.3999,49.9151,16,28,46,69.2,127,16.7261,0,597.3,336.1625,2025.2125,544.9425,553.55,1186.29,0,0.1424,0.4961,0.5475,0.0091,217,0.8544,0.8304,0.8783,0.0817,0.6472,0.9208,0.9967,1,219,26.137,35.1096,25.6667,0.982
egg2,science,random,400,0.0025,0.0004,0.014,1,0,0.0075,0.045,0.5225,0.015,0.01,0.015,0.3825,0,0.0125,0.045,0.555,0.015,0.01,0.0175,0.3425,0.9975,0.1128,400,264.4425,254.9946,273.8904,52,152.9,250,399.1,590,1,375,375,375,375,375,375,375,375,400,6.9015,6.6618,7.1411,1.4667,4.145,6.7167,10.2292,15.0833,400,11.3089,10.912,11.7057,2.3333,6.625,10.9375,16.875,24.9167,1,9.7083,9.7083,9.7083,9.7083,9.7083,9.7083,9.7083,9.7083,1,15.9583,15.9583,15.9583,15.9583,15.9583,15.9583,15.9583,15.9583,1,51,55,44,48,39.5,34,31,22,0.9275,3.72,0.0141,91.7875,1055.4875,0.08,400,44.2175,42.6023,45.8327,8,25,43,66,99,16.721,0,497.905,280.295,1730.7225,529.215,501.3075,1024.6125,0,0.1394,0.5135,0.385,0.0065,153,0.8995,0.8813,0.9177,0.5092,0.7332,0.9467,0.9967,1,154,20.2078,25.2468,19.8377,0.9817
egg3,balanced,greedy-egg,400,0.85,0.8117,0.8817,340,0,0,0.0025,0.0175,0,0,0,0.13,0,0,0.0025,0.0175,0,0,0,0.145,0.165,0.1061,400,109.43,106.7177,112.1423,28,78,107,146,214,340,112.2824,109.5722,114.9925,60,83.9,109,146.1,214,400,3.0499,2.9865,3.1134,0.8667,2.3167,3.0083,3.8917,5.35,400,4.8737,4.7657,4.9818,1.3333,3.625,4.7917,6.3333,8.9167,340,3.109,3.0475,3.1705,2,2.4567,3.0583,3.8842,5.35,340,4.9804,4.8743,5.0865,3,3.8333,4.875,6.2583,8.9167,0,12,13,11,14,11,10.5,10,44,0.3325,0.415,0.0038,11.605,288.885,0.0386,400,21.91,21.353,22.467,5,16,21.5,29,45,20.0219,234.4625,1448.5375,435.1275,1776.0925,4.2875,273.1125,671.865,0.1393,0.1968,0.0155,0.98,0.8673,52,0.5874,0.4949,0.6799,0.0133,0.1224,0.7,0.9533,0.9633,392,28.3724,40.4413,27.3214,0.963
egg3,balanced,greedy,400,0.55,0.501,0.598,220,0,0.0025,0.01,0.0975,0.0025,0.0075,0,0.33,0,0.0025,0.0175,0.1,0,0.0075,0,0.3375,0.465,0.129,400,129.055,124.472,133.638,24,57.9,137,183,261,220,149.8864,145.5704,154.2023,72,110.9,149,189.1,261,400,3.5726,3.458,3.6872,0.7667,1.6167,3.7583,4.8583,6.6917,400,5.7235,5.533,5.9141,1.1667,2.5833,6.0417,7.9167,11.0417,220,4.0631,3.9619,4.1642,2.1167,3.1375,3.9958,4.9425,6.6917,220,6.5612,6.3886,6.7338,3.3333,4.9917,6.5,8.125,11.0417,0.0091,15,17,15,20,14,14,14,55,0.4425,0.675,0.0052,18.8475,409.29,0.044,400,26.01,25.0554,26.9646,4,11,27,38,56,20.1542,264.495,1111.925,558.16,1477.8925,9.5,351.4675,737.6825,0.1922,0.2741,0.0263,0.88,0.625,132,0.618,0.5672,0.6688,0.0008,0.1772,0.7167,0.9413,1,352,33.8523,47.6534,33.0085,0.9751
egg3,balanced,random,400,0.48,0.4315,0.5289,192,0,0,0.0175,0.0975,0.0125,0.0075,0.005,0.38,0,0,0.0175,0.1075,0.015,0.0075,0.005,0.4025,0.555,0.1396,400,134.485,129.5191,139.4509,26,58.9,137.5,195.1,325,192,158.625,153.3752,163.8748,76,121.1,154,207.9,325,400,3.7171,3.5919,3.8423,0.8167,1.6642,3.8,5.2092,8.2917,400,5.9585,5.751,6.1661,1.25,2.6625,6.125,8.4625,13.7083,192,4.3068,4.1829,4.4307,2.4,3.435,4.2042,5.4842,8.2917,192,6.9505,6.7396,7.1614,3.6667,5.4208,6.7708,8.9542,13.7083,0.0417,15,18,15,20,15,14.5,13,56.5,0.575,1.045,0.0078,29.7075,450.07,0.0619,400,27.1075,26.075,28.14,5,11,28,39,64,20.1565,272.6625,1049.72,580.585,1415.93,10.65,391.55,746.7175,0.2062,0.2908,0.0265,0.86,0.5581,152,0.5984,0.5525,0.6443,0.0092,0.1437,0.6667,0.935,1,344,35.7616,48.5291,35.0756,0.9808
egg3,math,greedy-egg,400,0.73,0.6845,0.7712,292,0,0,0,0.0175,0,0,0.0025,0.25,0,0,0,0.0225,0,0,0.0025,0.2625,0.2875,0.0957,400,106.2025,103.1945,109.2105,32,74,100.5,149.1,207,292,110.2808,107.0422,113.5195,58,79,104.5,150,196,400,3.0084,2.937,3.0798,0.9667,2.2575,2.9083,4.025,5.3417,400,4.7784,4.6574,4.8995,1.5,3.5,4.625,6.5,8.7917,292,3.0915,3.0158,3.1672,1.95,2.3417,2.9917,4.0325,5.0667,292,4.9295,4.8003,5.0587,2.9167,3.625,4.7083,6.5,8.3333,0,12,12,11,15,10,10,9,38,0.37,0.44,0.0041,12.1375,313.47,0.0373,400,21.0725,20.4563,21.6887,6,14,20,30,41,19.8418,208.5725,1371.7425,371.4175,1511.1,0,284.675,612.0775,0.132,0.1973,0,0.98,0.7449,100,0.6067,0.5502,0.6633,0.0017,0.1368,0.7087,0.9225,0.9733,392,25.4898,34.2296,24.5663,0.9638
egg3,math,greedy,400,0.29,0.2477,0.3363,116,0,0,0.025,0.135,0.01,0.01,0.0075,0.5225,0,0,0.03,0.1375,0.0125,0.0075,0.0025,0.5375,0.7275,0.1306,400,138.995,131.9455,146.0445,23,48,132,238,386,116,171.5345,160.3787,182.6903,69,92.5,168.5,259.5,356,400,3.857,3.6766,4.0373,0.7417,1.3667,3.7042,6.3142,9.8167,400,6.1735,5.876,6.4711,1.125,2.1667,5.8958,10.2917,16.25,116,4.6188,4.3434,4.8943,2.0583,2.675,4.5583,6.8208,8.9,116,7.4777,7.0167,7.9387,3.2083,4.2708,7.375,11.1458,14.8333,0.1897,15,17,15,20,15,15,14,48,0.5225,1.2175,0.0088,34.38,469.475,0.0682,400,27.8875,26.4373,29.3377,4,9,27,48,81,20.0637,205.38,916.505,568.255,1311.465,0,398.9825,760.5525,0.1831,0.3023,0,0.8125,0.3569,209,0.6329,0.5931,0.6726,0.0167,0.176,0.7158,0.943,1,325,35.9938,47.7723,35.3446,0.982
egg3,math,random,400,0.1775,0.1432,0.218,71,0,0.005,0.045,0.2275,0.0125,0.0225,0.0075,0.5025,0,0.005,0.055,0.235,0.015,0.02,0.005,0.5,0.835,0.1317,400,128.31,121.1348,135.4852,21,43,119,229,334,71,173.6479,161.2134,186.0824,71,105,179,236,283,400,3.554,3.3678,3.7402,0.6917,1.2417,3.4042,6.0508,8.75,400,5.6925,5.3869,5.9981,1.0417,1.9583,5.3333,9.8792,14.25,71,4.6792,4.3679,4.9906,2.2417,2.7917,4.6833,6.3667,7.4083,71,7.5734,7.0554,8.0913,3.4583,4.5417,7.625,10.3333,12.125,0.1268,15,17,15,21,16,15.5,15,42,0.5275,1.35,0.0105,37.4325,431.38,0.0798,400,25.635,24.1553,27.1147,4,8,24,47,68,19.979,162.72,746.1975,548.68,1035.365,0,353.7575,655.4325,0.179,0.3464,0,0.68,0.261,201,0.7087,0.6722,0.7452,0.0033,0.2842,0.8033,0.965,1,272,29.4926,38.9118,29.0331,0.9844
egg3,science,greedy-egg,400,0.6625,0.6148,0.7071,265,0,0,0.0025,0.02,0,0,0,0.315,0,0,0.0025,0.0225,0,0,0,0.32,0.345,0.0942,400,111.29,109.0535,113.5265,43,83,109,140.1,180,265,110.5057,107.9436,113.0677,71,85,108,136.6,180,400,3.1339,3.0808,3.187,1.2417,2.4908,3.0917,3.8583,4.8333,400,4.9888,4.8992,5.0783,1.9583,3.875,4.8958,6.1667,7.8333,265,3.079,3.0204,3.1376,2.0917,2.49,3.025,3.655,4.8333,265,4.9208,4.8203,5.0212,3.375,3.8917,4.8333,5.9,7.8333,0,13,14,11,17,11,12,9,42,0.42,0.535,0.0048,15.045,399.4225,0.0363,400,22.17,21.7118,22.6282,8,17,21,28,37,19.9209,133.44,1426.6875,0,1825.7575,0,367.0225,571.5125,0.0855,0,0,0.9775,0.6777,126,0.5369,0.4832,0.5906,0.035,0.1475,0.5058,0.9725,0.99,391,26.445,36.1867,25.6573,0.9702
egg3,science,greedy,400,0.475,0.4265,0.5239,190,0,0.005,0.0175,0.1475,0.0075,0.0075,0.0025,0.3375,0,0.0075,0.0175,0.155,0.0075,0.0075,0.0025,0.3425,0.54,0.1111,400,115.4225,112.27,118.575,36,81.9,110,159,266,190,113.0316,109.8181,116.245,73,91,108,144,233,400,3.2197,3.1377,3.3018,1.0667,2.3917,3.0667,4.2933,6.9833,400,5.1434,5.0094,5.2774,1.6667,3.7875,4.9167,6.9208,11.4167,190,3.1433,3.0652,3.2215,2.325,2.5833,3.025,3.8917,6.1583,190,5.0272,4.8965,5.1579,3.5417,4.0833,4.8333,6.3333,10.0417,0.0053,15,16,13,18,12,11,11,39,0.3825,0.5525,0.0048,15.4325,459.19,0.0325,400,22.995,22.3487,23.6413,7,16,22,31,54,19.9225,137.3375,1107.94,0,1575.7025,0,400.8725,509.38,0.1103,0,0,0.8125,0.5846,135,0.6934,0.644,0.7428,0.0233,0.21,0.7833,0.9897,1,325,24.2646,32.88,23.4246,0.9654
egg3,science,random,400,0.3825,0.3362,0.431,153,0.005,0.025,0.02,0.1725,0.02,0.0075,0.005,0.3625,0.005,0.03,0.02,0.175,0.02,0.0075,0.005,0.3675,0.63,0.119,400,110.2675,107.2587,113.2763,24,74,108,149,204,153,114.1634,110.8348,117.492,76,90,110,143.8,193,400,3.1025,3.0227,3.1824,0.7667,2.0667,3.1042,4.0758,5.475,400,4.9403,4.8109,5.0697,1.1667,3.3292,4.875,6.625,8.8333,153,3.1809,3.1074,3.2544,2.3833,2.65,3.1083,3.8267,4.9917,153,5.0836,4.9554,5.2118,3.6667,4.1667,4.9167,6.2667,8.2083,0,16,16,13,18,12,12,11,39.5,0.5175,0.7225,0.0066,20.3825,463.405,0.0421,400,22,21.3776,22.6224,4,14.9,22,30,41,19.9515,142.95,985.5825,0,1359.7925,0,398.555,458.39,0.1267,0,0,0.745,0.5134,145,0.6471,0.5962,0.6981,0.0217,0.1597,0.7267,0.9867,1,298,24.6711,33.849,24.104,0.977
egg4,balanced,greedy-egg,400,0,0,0.0095,0,0.1525,0.5425,0.23,0.0575,0.005,0.0025,0.005,0.005,0.17,0.5475,0.21,0.055,0.005,0.0025,0.005,0.005,1,0.1275,400,215.26,204.3159,226.2041,31,77,197,364,578,0,NaN,NaN,NaN,NaN,NaN,NaN,NaN,NaN,400,5.5519,5.2778,5.8261,0.9417,2.0917,5.0917,9.2867,14.6167,400,9.1396,8.683,9.5961,1.4583,3.375,8.375,15.3667,24.25,0,NaN,NaN,NaN,NaN,NaN,NaN,NaN,NaN,0,NaN,NaN,NaN,NaN,NaN,NaN,NaN,NaN,NaN,103,93,44,30.5,19,23,10,44,0.645,1.345,0.0062,35.0975,344.0575,0.0926,400,42.68,40.4834,44.8766,6,15,39,72,115,19.8272,0,149.9525,0,2740.2625,0,257.9275,761.52,0,0,0,0.005,0,2,0.7567,0.3287,1.1846,0.5383,0.582,0.7567,0.9313,0.975,2,22,22,22,1
egg4,balanced,greedy,400,0,0,0.0095,0,0.015,0.275,0.17,0.4125,0.02,0.0075,0.0175,0.0825,0.0175,0.3025,0.18,0.39,0.02,0.005,0.0175,0.0675,1,0.1225,400,160.9475,151.8439,170.0511,24,42.9,157,278,702,0,NaN,NaN,NaN,NaN,NaN,NaN,NaN,NaN,400,4.227,3.9959,4.4582,0.7667,1.2392,4.1042,7.1925,17.7167,400,6.9095,6.5267,7.2922,1.1667,1.9542,6.7292,11.7583,29.4167,0,NaN,NaN,NaN,NaN,NaN,NaN,NaN,NaN,0,NaN,NaN,NaN,NaN,NaN,NaN,NaN,NaN,NaN,49,42,37,26,27,22,25,21,0.425,0.935,0.0058,25.1925,520.7375,0.0461,400,31.9725,30.1263,33.8187,4,8,31,56,140,19.8652,0,279.95,0,1171.2875,0,419.265,482.14,0,0,0,0.0825,0,33,0.9058,0.874,0.9376,0.6542,0.7822,0.9308,0.9942,1,33,16.2424,21.8485,15.7879,0.972
egg4,balanced,random,400,0,0,0.0095,0,0.1175,0.3675,0.185,0.2725,0.005,0.0125,0.0025,0.0375,0.1275,0.4,0.175,0.2525,0.005,0.0075,0.0025,0.03,1,0.1225,400,130.59,122.1569,139.0231,24,35,110.5,249.1,455,0,NaN,NaN,NaN,NaN,NaN,NaN,NaN,NaN,400,3.4464,3.2333,3.6595,0.7667,1.0417,2.9292,6.4717,11.7083,400,5.6229,5.2693,5.9765,1.1667,1.625,4.7708,10.5917,19.2917,0,NaN,NaN,NaN,NaN,NaN,NaN,NaN,NaN,0,NaN,NaN,NaN,NaN,NaN,NaN,NaN,NaN,NaN,49,40,33,18,22,20,28,14,0.45,0.96,0.0074,25.9725,431.1575,0.0568,400,25.82,24.1142,27.5258,4,7,22,50,90,19.7718,0,211.0725,0,864,0,333.0525,367.445,0,0,0,0.0375,0,15,0.9451,0.9048,0.9854,0.7258,0.8443,0.975,1,1,15,10,16.1333,10,1
egg4,math,greedy-egg,400,0,0,0.0095,0,0.015,0.19,0.2675,0.38,0.02,0.015,0.0075,0.105,0.0175,0.2125,0.2775,0.3625,0.015,0.015,0.005,0.095,1,0.1375,400,227.295,211.4475,243.1425,25,63,170,483.1,843,0,NaN,NaN,NaN,NaN,NaN,NaN,NaN,NaN,400,5.8865,5.4892,6.2839,0.7917,1.7417,4.5042,12.2808,21.2417,400,9.6748,9.0134,10.3362,1.2083,2.7917,7.3333,20.3458,35.2917,0,NaN,NaN,NaN,NaN,NaN,NaN,NaN,NaN,0,NaN,NaN,NaN,NaN,NaN,NaN,NaN,NaN,NaN,31.5,50,35,33,19.5,25.5,26,24,0.52,1.78,0.0078,47.85,313.7875,0.1323,400,45.2575,42.0623,48.4527,5,12,34,96.1,176,19.9113,127.585,183.1875,796.125,2865.555,0,235.3875,1094.4075,0.4105,0.2174,0,0.105,0,42,0.8703,0.8318,0.9088,0.5492,0.6597,0.9163,0.9908,1,42,15.1905,22.0238,14.8571,0.9781
egg4,math,greedy,400,0.0025,0.0004,0.014,1,0,0.095,0.1175,0.3475,0.0175,0.025,0.0225,0.3725,0,0.105,0.1275,0.345,0.02,0.0275,0.02,0.3525,0.9975,0.1103,400,184.945,172.119,197.771,18,42.9,164,364.2,1023,1,511,511,511,511,511,511,511,511,400,4.9149,4.5858,5.244,0.6167,1.2392,4.4708,9.485,25.9083,400,7.9973,7.4546,8.54,0.9167,1.9542,7.1667,15.5833,42.9583,1,13.1083,13.1083,13.1083,13.1083,13.1083,13.1083,13.1083,13.1083,1,21.625,21.625,21.625,21.625,21.625,21.625,21.625,21.625,1,27,32,27,37,25,25,23,30,0.4875,1.5725,0.0085,42.3825,491.8125,0.0793,400,37.045,34.4034,39.6866,3,8,33,72.1,212,20.0303,104.7625,395.23,633.8175,1392.8075,0,406.04,903.645,0.2095,0.3127,0,0.375,0.0067,149,0.8163,0.7863,0.8463,0.0408,0.5462,0.88,0.9827,1,150,25.7867,34.78,25.2667,0.9798
egg4,math,random,400,0.0025,0.0004,0.014,1,0,0.23,0.1825,0.34,0.02,0.01,0.005,0.21,0.0025,0.245,0.185,0.34,0.0225,0.0125,0.005,0.185,0.9975,0.0877,400,146.8,136.229,157.371,21,32.9,113,295.3,741,1,258,258,258,258,258,258,258,258,400,3.9121,3.6402,4.184,0.6917,0.9892,3.0167,7.7333,19.025,400,6.3587,5.9108,6.8067,1.0417,1.5375,4.8958,12.675,31.375,1,6.95,6.95,6.95,6.95,6.95,6.95,6.95,6.95,1,11.25,11.25,11.25,11.25,11.25,11.25,11.25,11.25,1,30,31,26,31,19,20,19.5,25,0.4725,1.475,0.01,39.9375,392.5025,0.0924,400,29.1475,26.9983,31.2967,4,6,22,59,148,19.8552,76.6775,284.85,505.875,966.1025,0,305.785,673.3575,0.2121,0.3437,0,0.2125,0.0118,84,0.8524,0.8219,0.8828,0.4392,0.6168,0.9004,0.9875,1,85,20.6588,26.4588,20.2353,0.9795
egg4,science,greedy-egg,400,0.0025,0.0004,0.014,1,0.02,0.2575,0.2575,0.37,0.01,0.01,0.0075,0.065,0.02,0.2825,0.2725,0.34,0.01,0.0075,0.0075,0.0575,0.9975,0.1479,400,270.64,252.9913,288.2887,31,70,226.5,536.1,836,1,665,665,665,665,665,665,665,665,400,6.956,6.5128,7.3992,0.9417,1.9167,5.9542,13.6733,21.4,400,11.4667,10.7294,12.204,1.4583,3.0833,9.7708,22.5542,35.3333,1,16.9583,16.9583,16.9583,16.9583,16.9583,16.9583,16.9583,16.9583,1,28.0417,28.0417,28.0417,28.0417,28.0417,28.0417,28.0417,28.0417,0,62,74,50,44.5,34,30,36.5,30,0.605,2.7225,0.0101,74.44,550.745,0.1191,400,54.0325,50.4677,57.5973,6,14,46,108,180,19.9647,69.05,206.8025,425.015,3589.6175,278.9675,220.76,1135.7975,0.2503,0.1059,0.5582,0.0675,0.037,26,0.8663,0.8025,0.93,0.38,0.64,0.9383,0.9971,1,27,20.6667,25,20.2222,0.9785
egg4,science,greedy,400,0,0,0.0095,0,0.0175,0.28,0.155,0.4625,0.0075,0.0075,0.01,0.06,0.0225,0.335,0.155,0.42,0.0025,0.0075,0.0075,0.05,1,0.1425,400,145.0675,136.924,153.211,24,40,141,264.1,381,0,NaN,NaN,NaN,NaN,NaN,NaN,NaN,NaN,400,3.8167,3.6103,4.0231,0.7667,1.1667,3.6917,6.7842,9.8583,400,6.2345,5.8924,6.5765,1.1667,1.8333,6.0417,11.1958,16.2083,0,NaN,NaN,NaN,NaN,NaN,NaN,NaN,NaN,0,NaN,NaN,NaN,NaN,NaN,NaN,NaN,NaN,NaN,44,41,37,19,32,26.5,23.5,19,0.36,0.6425,0.0044,17.12,529.6,0.0313,400,28.7425,27.0897,30.3953,4,7.9,28,53,79,19.8132,21.19,244.8975,29.97,1044.9525,52.4175,367.745,472.2825,0.0796,0.0279,0.1248,0.06,0,24,0.9233,0.8911,0.9555,0.7133,0.8037,0.9471,0.999,1,24,11.5,16.0833,11.0417,0.9601
egg4,science,random,400,0,0,0.0095,0,0.13,0.4075,0.1825,0.2475,0.0025,0,0.005,0.025,0.135,0.43,0.1875,0.2175,0.0025,0.0025,0.005,0.02,1,0.12,400,112.055,104.8413,119.2687,21,32,94,224.1,360,0,NaN,NaN,NaN,NaN,NaN,NaN,NaN,NaN,400,2.9785,2.7964,3.1605,0.6917,0.9667,2.5167,5.7692,9.1667,400,4.846,4.5438,5.1483,1.0417,1.5,4.0833,9.5042,15.1667,0,NaN,NaN,NaN,NaN,NaN,NaN,NaN,NaN,0,NaN,NaN,NaN,NaN,NaN,NaN,NaN,NaN,NaN,46.5,35,30,15,32.5,27,6,12,0.385,0.725,0.0065,19.5475,419.8575,0.0445,400,22.025,20.5708,23.4792,4,6,18.5,45,72,19.6555,13.7975,177.545,16.29,716.79,35.6975,279.415,339.5375,0.0721,0.0222,0.1133,0.025,0,10,0.884,0.7965,0.9715,0.6392,0.7089,0.9742,1,1,10,12.4,19,12,0.9677
egg5,balanced,greedy-egg,400,0,0,0.0095,0,0.0075,0.5975,0.3225,0.0725,0,0,0,0,0.01,0.6325,0.335,0.0225,0,0,0,0,1,0.15,400,23.7575,23.1538,24.3612,16,18,22,31.1,61,0,NaN,NaN,NaN,NaN,NaN,NaN,NaN,NaN,400,0.7606,0.7455,0.7757,0.5667,0.6167,0.7167,0.9442,1.6917,400,1.1566,1.1314,1.1817,0.8333,0.9167,1.0833,1.4625,2.7083,0,NaN,NaN,NaN,NaN,NaN,NaN,NaN,NaN,0,NaN,NaN,NaN,NaN,NaN,NaN,NaN,NaN,NaN,13,8,6,3,NaN,NaN,NaN,NaN,0,0,0,0,140.6325,0,400,5.055,4.9199,5.1901,3,4,5,7,13,21.2775,87.8825,69.26,0,14.7325,0,16.015,12.44,0.5593,0,0,0,NaN,0,NaN,NaN,NaN,NaN,NaN,NaN,NaN,NaN,0,NaN,NaN,NaN,0
egg5,balanced,greedy,400,0,0,0.0095,0,0,0.5725,0.2475,0.16,0.0025,0,0,0.0175,0,0.6175,0.2325,0.135,0,0,0,0.015,1,0.105,400,34.49,32.6585,36.3215,17,20,28,57,145,0,NaN,NaN,NaN,NaN,NaN,NaN,NaN,NaN,400,1.0335,0.986,1.081,0.5917,0.6667,0.8667,1.5917,3.9583,400,1.6083,1.5303,1.6864,0.875,1,1.3333,2.5417,6.375,0,NaN,NaN,NaN,NaN,NaN,NaN,NaN,NaN,0,NaN,NaN,NaN,NaN,NaN,NaN,NaN,NaN,NaN,15,10,9,9,14,14,16,12,0,0,0,0,189.385,0,400,7.1325,6.7487,7.5163,3,4,6,12,31,20.6799,107.7175,81.2625,0,71.245,0,66.3025,43.925,0.57,0,0,0.0175,0,7,0.8851,0.8302,0.9401,0.7667,0.7972,0.8942,0.9527,0.9917,7,7.7143,10.5714,6.8571,0.8889
egg5,balanced,random,400,0,0,0.0095,0,0.025,0.64,0.205,0.1125,0.0075,0.0025,0.0025,0.005,0.0325,0.6675,0.2025,0.085,0.0075,0,0,0.005,1,0.13,400,31.8675,30.2355,33.4995,16,19,26.5,52.2,133,0,NaN,NaN,NaN,NaN,NaN,NaN,NaN,NaN,400,0.9654,0.9236,1.0073,0.5667,0.6417,0.8292,1.4717,3.825,400,1.4966,1.4275,1.5656,0.8333,0.9583,1.2708,2.3417,6.0417,0,NaN,NaN,NaN,NaN,NaN,NaN,NaN,NaN,0,NaN,NaN,NaN,NaN,NaN,NaN,NaN,NaN,NaN,15,10,9,9,17,11,6,25.5,0.0125,0.0175,0.0005,0.45,181.86,0.0025,400,6.4675,6.1299,6.8051,3,4,5,11,27,20.295,102.29,65.995,0,50.485,0,58.6025,34.165,0.6078,0,0,0.005,0,2,0.8542,0.6337,1.0747,0.7417,0.7642,0.8542,0.9442,0.9667,2,15,15,15,1
egg5,math,greedy-egg,400,0.005,0.0014,0.018,2,0,0.3175,0.22,0.22,0.02,0.01,0.0075,0.2,0,0.3875,0.175,0.2275,0.015,0.005,0.0075,0.1775,0.995,0.1583,400,63.8775,59.2816,68.4734,17,20,43,139,227,2,159.5,135,184,147,149.5,159.5,169.5,172,400,1.834,1.7086,1.9595,0.5917,0.6667,1.2417,3.925,5.8417,400,2.8986,2.6968,3.1005,0.875,1,1.9583,6.2083,9.625,2,4.4042,3.955,4.8533,4.175,4.2208,4.4042,4.5875,4.6333,2,7.0625,6.205,7.92,6.625,6.7125,7.0625,7.4125,7.5,0,17,17,14,20,17.5,14,15,18,0.075,0.075,0.0012,1.7375,195.6625,0.0088,400,14.7,13.571,15.829,3,4,9,33,58,23.0128,32.2225,318.9075,372.5825,67.1125,0,69.4575,280.7625,0.0918,0.8474,0,0.205,0.0244,80,0.7913,0.7407,0.8419,0.0375,0.4823,0.8854,0.995,1,82,12.7317,16.7683,12.3293,0.9684
egg5,math,greedy,400,0.01,0.0039,0.0254,4,0,0.2175,0.18,0.2075,0.02,0.01,0.005,0.35,0,0.255,0.1725,0.19,0.025,0.0075,0.005,0.335,0.99,0.1465,400,112.6175,103.9304,121.3046,17,25,76,245.1,430,4,326.75,234.928,418.572,201,234,348.5,402.1,409,400,3.0929,2.8647,3.3212,0.5917,0.7917,2.0667,6.5692,11.0833,400,4.9699,4.597,5.3428,0.875,1.2083,3.3333,10.6708,18.25,4,8.4604,6.2599,10.661,5.525,6.25,8.8792,10.3358,10.5583,4,13.9063,10.1767,17.6358,8.875,10.15,14.6875,17.0375,17.375,0.75,21,22,19,31,21,23,20,30,0.2275,0.5175,0.0046,13.5125,375.5275,0.0347,400,24.1075,22.1673,26.0477,3,5,16,53.1,98,21.4065,53.625,408.61,510.635,398.365,0,259.6725,526.6275,0.116,0.5618,0,0.36,0.0278,140,0.8044,0.7724,0.8363,0.0742,0.5255,0.8754,0.9853,1,144,25.3194,32.5694,24.8056,0.9797
egg5,math,random,400,0,0,0.0095,0,0.0075,0.3275,0.15,0.23,0.0175,0.015,0.0075,0.245,0.0075,0.37,0.135,0.2375,0.0175,0.015,0.0075,0.21,1,0.1475,400,100.705,92.6941,108.7159,16,23,72.5,211,408,0,NaN,NaN,NaN,NaN,NaN,NaN,NaN,NaN,400,2.7626,2.5531,2.9722,0.5667,0.7417,1.9792,5.6608,10.7,400,4.441,4.0981,4.784,0.8333,1.125,3.1875,9.1458,17.5,0,NaN,NaN,NaN,NaN,NaN,NaN,NaN,NaN,0,NaN,NaN,NaN,NaN,NaN,NaN,NaN,NaN,NaN,23,22,21,29.5,22,24,20,24,0.3225,0.75,0.0074,19.7175,339.515,0.0549,400,21.265,19.5215,23.0085,3,4.9,15,46,88,21.1161,45.17,324.4475,447.5875,313.405,0,231.7925,442.3475,0.1222,0.5882,0,0.245,0,98,0.832,0.797,0.8669,0.0108,0.6163,0.8921,0.9888,1,98,20.4694,25.551,20.0102,0.9776
egg5,science,greedy-egg,400,0,0,0.0095,0,0,0.4625,0.4225,0.115,0,0,0,0,0,0.55,0.385,0.065,0,0,0,0,1,0.15,400,30.8675,29.7545,31.9805,17,20,27.5,48,84,0,NaN,NaN,NaN,NaN,NaN,NaN,NaN,NaN,400,0.9384,0.9105,0.9662,0.5917,0.6667,0.8542,1.3667,2.2667,400,1.4528,1.4064,1.4992,0.875,1,1.3125,2.1667,3.6667,0,NaN,NaN,NaN,NaN,NaN,NaN,NaN,NaN,0,NaN,NaN,NaN,NaN,NaN,NaN,NaN,NaN,NaN,13,12,6,6,NaN,NaN,NaN,NaN,0,0,0,0,155.3775,0,400,6.62,6.3699,6.8701,3,4,6,11,17,21.4465,98.8375,90.23,0,28.3475,0,31.7175,21.5725,0.5228,0,0,0,NaN,0,NaN,NaN,NaN,NaN,NaN,NaN,NaN,NaN,0,NaN,NaN,NaN,0
egg5,science,greedy,400,0,0,0.0095,0,0,0.1925,0.325,0.3175,0.0075,0.0175,0.005,0.135,0,0.2125,0.325,0.3175,0.0075,0.02,0.005,0.1125,1,0.1075,400,60.1975,56.1189,64.2761,17,24.9,46,119.2,274,0,NaN,NaN,NaN,NaN,NaN,NaN,NaN,NaN,400,1.7162,1.6061,1.8263,0.5917,0.7892,1.3167,3.4358,7.35,400,2.7195,2.5415,2.8975,0.875,1.2042,2.0833,5.425,11.9167,0,NaN,NaN,NaN,NaN,NaN,NaN,NaN,NaN,0,NaN,NaN,NaN,NaN,NaN,NaN,NaN,NaN,NaN,15,16,13,15,21,20,17,21,0.06,0.1225,0.002,3.3075,293.025,0.0112,400,12.4175,11.5378,13.2972,3,5,9,26,56,20.6279,189.0625,138.33,0,167.4725,0,171.21,89.215,0.5775,0,0,0.135,0,54,0.8046,0.7549,0.8544,0.1142,0.5577,0.8813,0.9552,1,54,17.5556,24.5,16.8148,0.9578
egg5,science,random,400,0,0,0.0095,0,0,0.3675,0.3075,0.23,0.0075,0.0125,0.0075,0.0675,0,0.4025,0.3325,0.1925,0.005,0.01,0.0075,0.05,1,0.13,400,50.7425,47.3548,54.1302,17,22,40,93,210,0,NaN,NaN,NaN,NaN,NaN,NaN,NaN,NaN,400,1.4615,1.37,1.5529,0.5917,0.7167,1.1667,2.4983,5.75,400,2.3072,2.1594,2.455,0.875,1.0833,1.8333,4.0417,9.25,0,NaN,NaN,NaN,NaN,NaN,NaN,NaN,NaN,0,NaN,NaN,NaN,NaN,NaN,NaN,NaN,NaN,NaN,16,15,12,14,24,18,17.5,24,0.04,0.0975,0.0019,2.665,247.5,0.0107,400,10.3125,9.5852,11.0398,3,4,8,19,45,20.3232,154.09,105.395,0,116.8675,0,125.6,64.3425,0.5938,0,0,0.0675,0,27,0.8687,0.83,0.9073,0.6033,0.7398,0.8783,0.9842,1,27,15.1111,20.3333,14.5926,0.9657
egg6,balanced,greedy-egg,400,0.2725,0.2312,0.3181,109,0,0.005,0.025,0.0625,0.01,0.015,0.02,0.59,0,0.005,0.025,0.0775,0.015,0.015,0.02,0.5825,0.74,0.1318,400,153.315,148.1565,158.4735,42,87,151,218.1,331,109,188.3945,180.2938,196.4952,87,138.8,180,255,298,400,4.2229,4.0941,4.3516,1.2167,2.575,4.2,5.7783,8.6083,400,6.7781,6.5638,6.9924,1.9167,4.0792,6.6875,9.3417,14.125,109,5.057,4.8642,5.2497,2.5083,3.9517,4.9583,6.635,7.95,109,8.1969,7.8696,8.5241,3.9583,6.275,8,10.8583,12.9167,0.156,24,23,18,24,18,15,14,48,0.6875,1.1375,0.0074,29.1175,373.82,0.0723,400,30.8525,29.7575,31.9475,8,17,30,45,71,20.1236,7.115,1159.9025,580.11,2759.0375,169.61,127.155,1021.7675,0.0061,0.1737,0.5715,0.8625,0.3159,236,0.6125,0.5761,0.6489,0.0192,0.1721,0.665,0.9587,1,345,32.7536,43.0348,32.2261,0.9839
egg6,balanced,greedy,400,0.095,0.07,0.1277,38,0,0.01,0.01,0.1225,0.0175,0.0125,0.0075,0.725,0,0.01,0.01,0.1325,0.0175,0.01,0.01,0.725,0.915,0.112,400,178.865,172.5206,185.2094,28,101.9,170,267.1,437,38,198.2105,184.9151,211.506,127,153.1,190,237.8,326,400,4.8787,4.7173,5.0401,0.8667,2.8642,4.675,7.0583,11.2583,400,7.8598,7.593,8.1266,1.3333,4.6208,7.5,11.4667,18.5417,38,5.3193,4.9877,5.6509,3.675,4.2475,5.1542,6.325,8.3167,38,8.6228,8.0709,9.1748,5.7917,6.7792,8.3125,10.2417,13.75,0.1579,28,30,22,30,24,18,18,36,0.7225,1.4175,0.0079,35.9475,575.6675,0.0588,400,35.875,34.5489,37.2011,5,20,34,54,95,20.057,20.2825,906.5175,594.495,2680.12,203.5725,286.205,965.225,0.0219,0.1815,0.4156,0.82,0.1159,290,0.702,0.6739,0.7301,0.0058,0.3291,0.7596,0.9645,1,328,29.1341,39.9024,28.7043,0.9852
egg6,balanced,random,400,0.0475,0.0306,0.073,19,0,0.035,0.0525,0.195,0.025,0.025,0.0125,0.6075,0,0.035,0.0575,0.2125,0.025,0.02,0.01,0.6,0.96,0.1406,400,163.6625,157.1391,170.1859,34,78,158.5,253,439,19,194.8421,169.623,220.0612,120,140.6,179,277.2,310,400,4.4599,4.2905,4.6293,1.0167,2.1167,4.4667,6.73,11.3083,400,7.1876,6.9098,7.4654,1.5833,3.4167,7.125,10.8833,18.625,19,5.2833,4.6894,5.8773,3.6667,4.0017,5.1,7.0967,7.9167,19,8.5307,7.5181,9.5433,5.6667,6.3583,8.0833,11.7167,13.0833,0.3684,31.5,30,24,30,21.5,21,18,30,0.7575,1.6025,0.0098,41.5775,554.3175,0.0698,400,32.86,31.486,34.234,6,15,32,52,92,20.0779,18.9675,705.175,506.385,2156.0925,210.3575,258.4325,814.525,0.0262,0.1902,0.4487,0.655,0.0725,243,0.7803,0.7512,0.8093,0.0267,0.4093,0.8558,0.9792,1,262,23.9237,32.1298,23.5992,0.9864
egg6,math,greedy-egg,400,0.0675,0.0468,0.0964,27,0,0.01,0.1125,0.335,0.0325,0.0275,0.01,0.405,0,0.015,0.12,0.345,0.0325,0.0275,0.01,0.3925,0.9425,0.1088,400,108.3325,102.3432,114.3218,21,42,92.5,196.1,312,27,196.3704,182.0752,210.6655,137,151.4,193,245,279,400,3.0141,2.8554,3.1729,0.6917,1.2167,2.6667,5.245,8.1333,400,4.8197,4.5614,5.078,1.0417,1.9167,4.1042,8.475,13.3333,27,5.2858,4.9583,5.6133,3.925,4.2183,5.0833,6.4283,7.1417,27,8.5586,7.9946,9.1227,6.2083,6.7417,8.3333,10.4917,11.7917,0.1111,19,21,18,21,18,15,16,36,0.3025,0.43,0.004,10.2725,220.49,0.0445,400,21.615,20.3657,22.8643,4,8,18,40,66,19.9525,91.4025,586.1725,494.2325,1434.45,0,105.6,687.555,0.1349,0.2563,0,0.4725,0.1429,162,0.7126,0.6737,0.7515,0.0383,0.309,0.78,0.9882,1,189,23.9471,31.4074,23.4656,0.9799
egg6,math,greedy,400,0.025,0.0136,0.0454,10,0,0.0625,0.135,0.275,0.02,0.0225,0.0025,0.4575,0,0.0725,0.1375,0.29,0.0175,0.025,0.005,0.4275,0.975,0.1179,400,133.065,124.5697,141.5603,19,38,119,261,417,10,259.2,228.3383,290.0617,195,196.8,258,324.1,334,400,3.6433,3.4206,3.8659,0.6417,1.1167,3.3833,6.9442,10.7583,400,5.861,5.497,6.2251,0.9583,1.75,5.3333,11.3,17.7083,10,6.8133,6.0675,7.5592,5.375,5.42,6.7833,8.4358,8.6833,10,11.1333,9.8742,12.3924,8.625,8.7,11.0833,13.8375,14.25,0.6,20.5,24,18,27,18,18,18.5,32,0.3275,0.745,0.0056,18.975,364.235,0.0495,400,26.54,24.7912,28.2888,3,7,23,54,83,19.9451,106.025,493.425,681.6725,1064.1675,0,257.2825,737.345,0.1769,0.3905,0,0.4825,0.0518,183,0.7655,0.7326,0.7983,0.0117,0.4313,0.8317,0.984,1,193,26.2383,36.0363,25.8135,0.9838
egg6,math,random,400,0.01,0.0039,0.0254,4,0,0.13,0.1675,0.295,0.0325,0.0125,0.0225,0.33,0,0.1475,0.1675,0.2975,0.03,0.015,0.02,0.3125,0.99,0.1212,400,120.9175,112.7772,129.0578,20,32,99,240.1,387,4,297.5,232.4868,362.5132,221,242.6,293,356,383,400,3.3,3.0867,3.5133,0.6667,0.9667,2.6417,6.4508,10.0083,400,5.3153,4.9665,5.6641,1,1.5,4.2917,10.3667,16.4583,4,7.6875,6.1272,9.2478,5.8583,6.3483,7.575,9.1167,9.7417,4,12.6458,10.0026,15.2891,9.5417,10.3917,12.4583,15.05,16.125,0.75,22,24,20,27,18,20,19,24,0.4025,0.855,0.0071,22.275,336.8075,0.062,400,24.145,22.4567,25.8333,4,6,19.5,49,84,19.9682,89.175,389.165,614.1225,873.0375,0,234.7,629.85,0.1864,0.4129,0,0.34,0.0294,132,0.8139,0.7788,0.849,0.0783,0.5075,0.9008,0.9881,1,136,22.6324,30.1029,22.3382,0.987
egg6,science,greedy-egg,400,0.145,0.1139,0.1829,58,0,0.01,0.1075,0.2825,0.03,0.025,0.0175,0.3825,0,0.0125,0.11,0.3125,0.0225,0.025,0.01,0.38,0.8725,0.1404,400,107.75,101.9595,113.5405,23,43,93.5,179.1,310,58,175.8448,165.9734,185.7163,119,141.1,165,227.9,310,400,3.0054,2.852,3.1589,0.7417,1.2417,2.825,4.9008,7.9167,400,4.8013,4.5515,5.051,1.125,1.9583,4.3333,7.9583,13.0833,58,4.7553,4.5156,4.995,3.4083,3.8608,4.4917,6.0283,7.9167,58,7.6861,7.2827,8.0895,5.4583,6.2125,7.2292,9.7917,13.0833,0.1034,18,18,15,18,14,14,14,47,0.3125,0.46,0.0043,11.465,208.1675,0.0522,400,21.5575,20.3455,22.7695,4,8,18,36,66,20.007,56.835,768.335,457.765,1736.6375,0,101.2275,731.305,0.0689,0.2086,0,0.5275,0.2749,153,0.6054,0.556,0.6548,0.0192,0.1322,0.675,0.9757,1,211,29.8199,40.782,29.2085,0.9795
egg6,science,greedy,400,0.0825,0.0593,0.1136,33,0,0.0925,0.115,0.2375,0.0175,0.01,0.0075,0.4375,0,0.1,0.1275,0.235,0.0175,0.0075,0.0075,0.435,0.93,0.1129,400,141.805,132.4154,151.1946,18,37,123,282.1,514,33,269.7879,244.1347,295.441,145,197.2,260,339.6,514,400,3.8618,3.6179,4.1057,0.6167,1.0917,3.55,7.4233,13.0167,400,6.2252,5.825,6.6254,0.9167,1.7083,5.5417,12.1458,21.5833,33,7.1033,6.4709,7.7357,3.9583,5.205,6.9667,8.83,13.0167,33,11.5997,10.5407,12.6588,6.375,8.5417,11.4167,14.45,21.5833,0.6667,23,24,20,27,23.5,20.5,18,45,0.4025,1.0575,0.0075,27.69,389.7525,0.0663,400,28.49,26.5411,30.4389,3,7,24.5,58.1,102,20.091,67.9025,623.7725,627.705,1252.81,0,296.4125,833.59,0.0982,0.3338,0,0.52,0.1587,175,0.7139,0.6757,0.752,0.005,0.2735,0.8,0.9725,1,208,38.2019,50.6154,37.6683,0.986
egg6,science,random,400,0.015,0.0069,0.0323,6,0,0.17,0.165,0.235,0.025,0.01,0.005,0.375,0,0.1875,0.165,0.2275,0.0225,0.01,0.005,0.3675,0.985,0.1218,400,122.975,114.0799,131.8701,19,31,99,236,642,6,259.8333,216.7567,302.91,167,202.5,271,306,325,400,3.3598,3.1272,3.5924,0.6417,0.9417,2.65,6.28,16.2167,400,5.4094,5.0287,5.7901,0.9583,1.4583,4.2917,10.1708,26.9167,6,6.8014,5.774,7.8287,4.5083,5.4792,7.025,7.9,8.2917,6,11.1319,9.3881,12.8758,7.2917,8.8542,11.5417,13,13.7083,0.8333,24,24,19.5,30,21,19,18,36,0.405,1.155,0.0094,30.005,350.495,0.0789,400,24.5325,22.6806,26.3844,3,6,19,46.1,136,19.9492,58.76,464.2925,539.255,977.8625,0,255.2125,665.0175,0.1123,0.3554,0,0.39,0.0385,150,0.7443,0.7059,0.7827,0.0067,0.36,0.8296,0.98,1,156,29.5641,38.4167,29.2436,0.9892
