lane,policy,n_runs,win_rate,win_rate_lo,win_rate_hi,win_rate_k,lose_final_r1,lose_final_r2,lose_final_r3,lose_final_r4,lose_final_r5,lose_final_r6,lose_final_r7,lose_final_r8,first_death_r1,first_death_r2,first_death_r3,first_death_r4,first_death_r5,first_death_r6,first_death_r7,first_death_r8,revive_used_rate,revive_success_given_used,swipes_n,swipes_mean,swipes_ci_lo,swipes_ci_hi,swipes_min,swipes_p10,swipes_median,swipes_p90,swipes_max,swipes_win_n,swipes_win_mean,swipes_win_ci_lo,swipes_win_ci_hi,swipes_win_min,swipes_win_p10,swipes_win_median,swipes_win_p90,swipes_win_max,min_lo_n,min_lo_mean,min_lo_ci_lo,min_lo_ci_hi,min_lo_min,min_lo_p10,min_lo_median,min_lo_p90,min_lo_max,min_hi_n,min_hi_mean,min_hi_ci_lo,min_hi_ci_hi,min_hi_min,min_hi_p10,min_hi_median,min_hi_p90,min_hi_max,min_lo_win_n,min_lo_win_mean,min_lo_win_ci_lo,min_lo_win_ci_hi,min_lo_win_min,min_lo_win_p10,min_lo_win_median,min_lo_win_p90,min_lo_win_max,min_hi_win_n,min_hi_win_mean,min_hi_win_ci_lo,min_hi_win_ci_hi,min_hi_win_min,min_hi_win_p10,min_hi_win_median,min_hi_win_p90,min_hi_win_max,min_target_hit_win_rate,swipes_median_r1,swipes_median_r2,swipes_median_r3,swipes_median_r4,swipes_median_r5,swipes_median_r6,swipes_median_r7,swipes_median_r8,jam_run_rate,jam_events_per_run,jam_swipe_frac,jam_hp_lost_mean,enemy_hp_lost_mean,jam_share_of_hp_loss,casts_n,casts_mean,casts_ci_lo,casts_ci_hi,casts_min,casts_p10,casts_median,casts_p90,casts_max,casts_per_100_swipes,skill_dmg_mean,ord_dmg_mean,skill_armor_mean,ord_armor_mean,skill_heal_mean,ord_heal_mean,armor_blocked_mean,skill_dmg_share,skill_armor_share,skill_heal_share,stag_reached_rate,stag_win_given_reached,stag_hp_left_frac_at_loss_n,stag_hp_left_frac_at_loss_mean,stag_hp_left_frac_at_loss_ci_lo,stag_hp_left_frac_at_loss_ci_hi,stag_hp_left_frac_at_loss_min,stag_hp_left_frac_at_loss_p10,stag_hp_left_frac_at_loss_median,stag_hp_left_frac_at_loss_p90,stag_hp_left_frac_at_loss_max,stag_runs,roots_applied_per_stag_run,root_hits_per_stag_run,roots_released_per_stag_run,root_release_ratio
balanced,greedy-egg,2400,0.1871,0.172,0.2032,449,0.03,0.2913,0.1537,0.1725,0.0054,0.0058,0.0075,0.1467,0.0333,0.3029,0.1533,0.165,0.0067,0.0046,0.0071,0.1446,0.8175,0.1458,2400,172.0238,164.7072,179.3403,16,21,112,449.1,1278,449,130.7595,126.6145,134.9044,60,86.8,118,193.2,298,2400,4.5397,4.3566,4.7228,0.5667,0.6917,3.125,11.4692,32.1167,2400,7.4068,7.1018,7.7117,0.8333,1.0417,4.9792,18.9167,53.4167,449,3.5819,3.4803,3.6835,2,2.5083,3.2333,5.1633,7.95,449,5.7612,5.5909,5.9316,3,3.9583,5.2083,8.375,12.9167,0.0379,20,18,17,20.5,14,12,12,44,0.4383,1.6533,0.0096,41.415,387.6737,0.0965,2400,31.6433,30.4015,32.8851,3,4,22,79.1,225,18.3947,60.3608,560.6396,340.6662,2148.795,28.9829,297.93,885.1729,0.0972,0.1368,0.0887,0.3337,0.5605,352,0.6492,0.6183,0.68,0.0133,0.1742,0.7217,0.9747,1,801,30.1223,41.0612,29.3433,0.9741
balanced,greedy,2400,0.1083,0.0965,0.1214,260,0.0083,0.2292,0.1133,0.2412,0.01,0.0096,0.0067,0.2733,0.0096,0.2475,0.1121,0.2338,0.01,0.0083,0.0075,0.2671,0.8958,0.1107,2400,131.3483,127.5866,135.11,16,27,124,258,702,260,158.9923,153.6059,164.3787,72,113.9,153.5,209.2,447,2400,3.5529,3.4566,3.6492,0.5667,0.8417,3.475,6.7508,17.7167,2400,5.742,5.5831,5.9009,0.8333,1.2917,5.5417,11.0833,29.4167,260,4.2972,4.166,4.4285,2.1167,3.23,4.1583,5.4842,11.3417,260,6.9471,6.7265,7.1677,3.3333,5.1625,6.75,8.9583,18.7917,0.0385,24,22,20,24,18.5,17,16,42,0.3771,0.8104,0.0062,20.7992,439.9488,0.0451,2400,25.0933,24.3938,25.7929,2,5,24,49,140,19.1044,77.6704,509.6858,300.6825,1178.5004,35.5121,312.245,581.1475,0.1322,0.2033,0.1021,0.3817,0.2838,656,0.7434,0.7244,0.7623,0.0008,0.3325,0.8308,0.9833,1,916,28.2336,39.2129,27.6332,0.9787
balanced,random,2400,0.0883,0.0776,0.1004,212,0.0458,0.2758,0.1133,0.2213,0.0142,0.0117,0.0058,0.2238,0.0504,0.2892,0.1129,0.2192,0.0138,0.0088,0.005,0.2196,0.9187,0.1243,2400,118.3675,114.9555,121.7795,16,25,107,231,544,212,162.1509,156.7035,167.5983,76,122.1,155.5,220.8,325,2400,3.2115,3.1238,3.2991,0.5667,0.7917,2.9167,6.0683,14.1,2400,5.1843,5.0398,5.3287,0.8333,1.2083,4.7083,9.9208,23.1667,212,4.4013,4.2714,4.5311,2.4,3.4508,4.2292,5.7417,8.2917,212,7.1038,6.8836,7.3239,3.6667,5.5042,6.8125,9.4542,13.7083,0.0708,26,22,20,24,18,17,16,39,0.4317,0.9708,0.0082,25.2563,405.4413,0.0586,2400,22.6292,21.984,23.2743,2,5,21,45,92,19.1177,77.1637,429.1304,278.7892,969.9246,36.8346,279.0654,504.7179,0.1524,0.2233,0.1166,0.3121,0.283,537,0.7587,0.7375,0.7799,0.0092,0.3433,0.8475,0.9853,1,749,27.53,37.1295,27.0294,0.9818
math,greedy-egg,2400,0.1338,0.1207,0.148,321,0.0025,0.1704,0.1625,0.2775,0.0163,0.0117,0.0058,0.2196,0.0029,0.1967,0.155,0.2754,0.015,0.0108,0.0054,0.2096,0.8708,0.1287,2400,153.5883,147.0096,160.1671,17,25,97,388.2,1115,321,117.8287,113.6976,121.9598,58,79,109,168,279,2400,4.0972,3.9322,4.2622,0.5917,0.7917,2.7375,9.92,28.2083,2400,6.657,6.3824,6.9317,0.875,1.2083,4.375,16.3417,46.7917,321,3.2842,3.1841,3.3844,1.95,2.35,3.1,4.4917,7.1417,321,5.2481,5.0795,5.4166,2.9167,3.7083,4.9583,7.2917,11.7917,0.0093,20,21,18,22,16,14,15,33,0.3438,1.2437,0.0081,31.4475,347.4167,0.083,2400,28.8296,27.6753,29.9838,3,5,19,71,186,18.7707,113.6442,485.985,473.3046,1654.7475,0,269.3263,783.165,0.1895,0.2224,0,0.3533,0.3785,527,0.7598,0.7386,0.7809,0.0017,0.3685,0.85,0.9833,1,848,22.8325,30.5047,22.1745,0.9712
math,greedy,2400,0.0546,0.0462,0.0644,131,0.0004,0.1363,0.125,0.2792,0.0171,0.0179,0.0112,0.3583,0.0004,0.155,0.1267,0.2783,0.0179,0.0196,0.0088,0.3417,0.9483,0.1257,2400,137.4033,133.2767,141.5299,16,32,112,279,1023,131,185.5573,172.6066,198.5079,69,94,176,287,511,2400,3.7267,3.6203,3.8332,0.5667,0.9667,3.1042,7.3267,25.9083,2400,6.0168,5.8417,6.1919,0.8333,1.5,5.0417,12,42.9583,131,4.9684,4.6481,5.2888,2.0583,2.7333,4.725,7.4167,13.1083,131,8.0611,7.5252,8.597,3.2083,4.2917,7.6667,12.1667,21.625,0.2443,23,24,20,27,20,19,19,35,0.3513,0.9279,0.0068,24.2996,432.3558,0.0532,2400,26.65,25.8395,27.4605,2,6,21,55,212,19.3955,107.9579,465.275,480.5983,937.0008,0,335.2179,653.3267,0.1883,0.339,0,0.4129,0.1322,860,0.769,0.753,0.7849,0.0117,0.3863,0.8592,0.9833,1,991,27.6367,37.0858,27.112,0.981
math,random,2400,0.0317,0.0254,0.0395,76,0.0071,0.2192,0.1392,0.3029,0.0196,0.0138,0.0112,0.2554,0.0088,0.2408,0.1371,0.3033,0.0187,0.0138,0.01,0.2379,0.9704,0.1215,2400,118.9679,115.3993,122.5366,16,28,94,248,741,76,181.2763,167.6059,194.9467,71,108,181,264,383,2400,3.2291,3.1369,3.3214,0.5667,0.8667,2.5583,6.5667,19.025,2400,5.2119,5.0603,5.3636,0.8333,1.3333,4.125,10.6708,31.375,76,4.8674,4.5273,5.2076,2.2417,2.9917,4.8875,6.9167,9.7417,76,7.8887,7.3212,8.4562,3.4583,4.8333,7.9375,11.25,16.125,0.1711,24,24,20,25,18,20,18,30,0.3862,1.0021,0.0084,26.325,377.2375,0.0652,2400,23.0029,22.2994,23.7064,2,5,18,48,148,19.3354,87.2017,365.815,423.81,714.7962,0,281.8112,533.3663,0.1925,0.3722,0,0.2871,0.1103,613,0.802,0.7849,0.8191,0.0033,0.492,0.8875,0.9857,1,689,23.5152,30.775,23.0856,0.9817
science,greedy-egg,2400,0.1358,0.1227,0.1501,326,0.0042,0.2583,0.1667,0.2454,0.0088,0.0083,0.0063,0.1663,0.0042,0.2925,0.1487,0.2408,0.0071,0.0079,0.005,0.1621,0.8683,0.1329,2400,193.3192,184.0345,202.6038,16,22,97,574,1460,326,126.0368,120.1964,131.8772,71,87,116,167,665,2400,5.0708,4.8382,5.3035,0.5667,0.7167,2.7833,14.5767,36.8333,2400,8.2928,7.9054,8.6802,0.8333,1.0833,4.4167,24.125,61.1667,326,3.4761,3.3303,3.6218,2.0917,2.5375,3.2042,4.5167,16.9583,326,5.5767,5.3339,5.8195,3.375,3.9792,5.125,7.2708,28.0417,0.0245,17,18,18,23,14,14,12,42,0.3892,2.3533,0.0122,59.9267,500.2962,0.107,2400,35.3275,33.7305,36.9245,3,4,19,102,257,18.2742,67.3108,507.8283,320.1292,2330.9642,189.3479,262.4671,966.5375,0.117,0.1208,0.4191,0.3021,0.4497,399,0.6527,0.6228,0.6826,0.0192,0.1805,0.7342,0.9883,1,725,29.2745,38.8897,28.6248,0.9778
science,greedy,2400,0.0938,0.0827,0.1061,225,0.0029,0.1754,0.1483,0.3008,0.0092,0.0088,0.0054,0.2554,0.0037,0.2008,0.1471,0.2925,0.0079,0.0088,0.005,0.2454,0.9113,0.1212,2400,132.8058,128.5557,137.056,17,28,101,286,719,225,137.9156,129.0046,146.8265,73,92,113,250.2,514,2400,3.5797,3.4709,3.6884,0.5917,0.8667,2.8667,7.4517,18.3083,2400,5.7931,5.6136,5.9726,0.875,1.3333,4.5417,12.2167,30.2917,225,3.7723,3.5488,3.9958,2.325,2.6033,3.1167,6.615,13.0167,225,6.0709,5.6992,6.4426,3.5417,4.1417,5,10.825,21.5833,0.1111,22,23,20,23,21,19,18,36,0.3438,0.8954,0.0067,22.9446,509.4096,0.0431,2400,24.9433,24.1875,25.6992,3,5,20,52,127,18.7818,83.9013,471.8742,165.6396,1034.5483,99.56,318.5383,528.3,0.151,0.138,0.2381,0.3492,0.2685,613,0.7781,0.759,0.7973,0.005,0.3987,0.8717,0.9883,1,838,27.2816,36.6659,26.6348,0.9763
science,random,2400,0.0667,0.0574,0.0774,160,0.0267,0.2679,0.1512,0.2583,0.0121,0.0071,0.0067,0.2033,0.0275,0.2925,0.1525,0.2462,0.0112,0.0067,0.0071,0.1917,0.9354,0.1247,2400,116.7992,112.8755,120.7228,16,26,89,256,642,160,121.2562,114.8844,127.6281,76,90,111,151.1,375,2400,3.1636,3.0631,3.264,0.5667,0.8167,2.4667,6.7417,16.2167,2400,5.1102,4.9445,5.276,0.8333,1.25,3.9583,11,26.9167,160,3.3574,3.2034,3.5115,2.3833,2.65,3.1292,4.0433,9.7083,160,5.3784,5.1186,5.6382,3.6667,4.1667,4.9583,6.5833,15.9583,0.0375,23,21,19,23,18,17,16,36,0.3825,1.0742,0.0092,27.4779,459.5996,0.0564,2400,21.79,21.0957,22.4843,3,5,18,46,136,18.656,74.2258,387.7513,139.3067,832.4358,94.1521,276.52,434.8167,0.1607,0.1434,0.254,0.27,0.2469,488,0.7748,0.7527,0.797,0.0067,0.3899,0.8696,0.9908,1,648,24.1265,32.0031,23.6713,0.9811
