rarity,policy,n_runs,win_rate,win_rate_lo,win_rate_hi,win_rate_k,lose_final_r1,lose_final_r2,lose_final_r3,lose_final_r4,lose_final_r5,lose_final_r6,lose_final_r7,lose_final_r8,first_death_r1,first_death_r2,first_death_r3,first_death_r4,first_death_r5,first_death_r6,first_death_r7,first_death_r8,revive_used_rate,revive_success_given_used,swipes_n,swipes_mean,swipes_ci_lo,swipes_ci_hi,swipes_min,swipes_p10,swipes_median,swipes_p90,swipes_max,swipes_win_n,swipes_win_mean,swipes_win_ci_lo,swipes_win_ci_hi,swipes_win_min,swipes_win_p10,swipes_win_median,swipes_win_p90,swipes_win_max,min_lo_n,min_lo_mean,min_lo_ci_lo,min_lo_ci_hi,min_lo_min,min_lo_p10,min_lo_median,min_lo_p90,min_lo_max,min_hi_n,min_hi_mean,min_hi_ci_lo,min_hi_ci_hi,min_hi_min,min_hi_p10,min_hi_median,min_hi_p90,min_hi_max,min_lo_win_n,min_lo_win_mean,min_lo_win_ci_lo,min_lo_win_ci_hi,min_lo_win_min,min_lo_win_p10,min_lo_win_median,min_lo_win_p90,min_lo_win_max,min_hi_win_n,min_hi_win_mean,min_hi_win_ci_lo,min_hi_win_ci_hi,min_hi_win_min,min_hi_win_p10,min_hi_win_median,min_hi_win_p90,min_hi_win_max,min_target_hit_win_rate,swipes_median_r1,swipes_median_r2,swipes_median_r3,swipes_median_r4,swipes_median_r5,swipes_median_r6,swipes_median_r7,swipes_median_r8,jam_run_rate,jam_events_per_run,jam_swipe_frac,jam_hp_lost_mean,enemy_hp_lost_mean,jam_share_of_hp_loss,casts_n,casts_mean,casts_ci_lo,casts_ci_hi,casts_min,casts_p10,casts_median,casts_p90,casts_max,casts_per_100_swipes,skill_dmg_mean,ord_dmg_mean,skill_armor_mean,ord_armor_mean,skill_heal_mean,ord_heal_mean,armor_blocked_mean,skill_dmg_share,skill_armor_share,skill_heal_share,stag_reached_rate,stag_win_given_reached,stag_hp_left_frac_at_loss_n,stag_hp_left_frac_at_loss_mean,stag_hp_left_frac_at_loss_ci_lo,stag_hp_left_frac_at_loss_ci_hi,stag_hp_left_frac_at_loss_min,stag_hp_left_frac_at_loss_p10,stag_hp_left_frac_at_loss_median,stag_hp_left_frac_at_loss_p90,stag_hp_left_frac_at_loss_max,stag_runs,roots_applied_per_stag_run,root_hits_per_stag_run,roots_released_per_stag_run,root_release_ratio
Common,greedy-egg,2400,0.0008,0.0002,0.003,2,0.0042,0.3212,0.1546,0.3704,0.0092,0.0083,0.0067,0.1246,0.0042,0.3513,0.1379,0.3696,0.0096,0.0071,0.0063,0.1133,0.9992,0.1351,2400,264.2617,253.118,275.4054,16,21,93.5,664,1460,2,470,401.4,538.6,435,442,470,498,505,2400,6.814,6.5342,7.0938,0.5667,0.6917,2.6708,16.8417,36.8333,2400,11.2184,10.7529,11.6839,0.8333,1.0417,4.2083,27.8792,61.1667,2,12.25,10.535,13.965,11.375,11.55,12.25,12.95,13.125,2,20.0833,17.225,22.9417,18.625,18.9167,20.0833,21.25,21.5417,1,24,26,58,63,38,33,30,30,0.4596,3.6938,0.014,91.3279,651.3004,0.123,2400,44.5467,42.6859,46.4075,3,4,17,112,257,16.857,50.0817,257.8333,478.7042,2743.0563,142.8533,481.3804,1367.7783,0.1626,0.1486,0.2288,0.1254,0.0066,299,0.8493,0.8281,0.8706,0.0233,0.5713,0.9258,0.9933,1,301,29.4286,36.9635,29.0631,0.9876
Common,greedy,2400,0.0017,0.0006,0.0043,4,0.0063,0.24,0.1354,0.3342,0.0112,0.0133,0.0088,0.2492,0.0071,0.2667,0.1304,0.33,0.0112,0.0146,0.0075,0.2313,0.9988,0.1172,2400,145.6454,140.7338,150.557,16,27,103,321,719,4,370.75,308.6591,432.8409,294,313.2,371,428.1,447,2400,3.8869,3.7614,4.0124,0.5667,0.8417,2.7792,8.3925,18.3083,2400,6.3143,6.107,6.5216,0.8333,1.2917,4.5,13.7083,30.2917,4,9.6021,8.1811,11.0231,7.85,8.28,9.6083,10.9192,11.3417,4,15.7813,13.3255,18.237,12.75,13.5,15.7917,18.0542,18.7917,1,26,26,26,33,34,27,29,24,0.3454,1.0579,0.0073,25.9121,537.0979,0.046,2400,25.1508,24.3309,25.9708,2,5,19,54,127,17.2685,56.5662,328.7742,246.1354,882.0017,90.8238,352.425,585.8392,0.1468,0.2182,0.2049,0.2508,0.0066,598,0.8595,0.8458,0.8732,0.0183,0.655,0.9175,0.9967,1,602,21.1262,28.9518,20.6728,0.9785
Common,random,2400,0.0008,0.0002,0.003,2,0.0321,0.3121,0.1237,0.34,0.0146,0.0096,0.0092,0.1579,0.035,0.3358,0.1192,0.3387,0.0125,0.0079,0.0092,0.1408,0.9992,0.1197,2400,128.5717,124.1989,132.9444,16,24.9,91,287,590,2,296.5,142.64,450.36,218,233.7,296.5,359.3,375,2400,3.4342,3.3227,3.5458,0.5667,0.7892,2.4417,7.5092,15.0833,2400,5.5771,5.3927,5.7615,0.8333,1.2042,3.9583,12.2125,24.9167,2,7.7458,3.8993,11.5923,5.7833,6.1758,7.7458,9.3158,9.7083,2,12.6875,6.2767,19.0983,9.4167,10.0708,12.6875,15.3042,15.9583,0.5,26,28,26,30,26,27,24,21,0.3892,1.2546,0.0098,30.7808,475.8004,0.0608,2400,22.2025,21.471,22.934,2,4,17,48,99,17.2686,49.0479,264.4571,215.4425,709.535,88.2025,299.6542,491.0462,0.1565,0.2329,0.2274,0.1588,0.0052,379,0.897,0.8858,0.9081,0.4483,0.7422,0.9425,0.995,1,381,16.6614,21.3071,16.2362,0.9745
Legendary,greedy-egg,1200,0.7475,0.7222,0.7713,897,0,0,0.0017,0.0183,0,0,0.0008,0.2317,0,0,0.0017,0.0208,0,0,0.0008,0.2425,0.2658,0.0972,1200,108.9742,107.4286,110.5197,28,77,107,144,214,897,111.1059,109.4514,112.7604,58,81,108,145,214,1200,3.0641,3.0276,3.1006,0.8667,2.3333,3.0083,3.9092,5.35,1200,4.8803,4.8184,4.9422,1.3333,3.625,4.7917,6.3333,8.9167,897,3.0944,3.0564,3.1325,1.95,2.3967,3.0167,3.8917,5.35,897,4.9462,4.8809,5.0115,2.9167,3.7917,4.8333,6.3333,8.9167,0,12,13,11,15,11,11,10,41,0.3742,0.4633,0.0043,12.9292,333.9258,0.0373,1200,21.7175,21.4004,22.0346,5,15,21,29,45,19.929,192.1583,1415.6558,268.8483,1704.3167,1.4292,308.27,618.485,0.1195,0.1363,0.0046,0.9792,0.7634,278,0.5715,0.5353,0.6077,0.0017,0.1326,0.6192,0.9393,0.99,1175,26.7694,36.9532,25.8485,0.9656
Legendary,greedy,1200,0.4383,0.4105,0.4666,526,0,0.0025,0.0175,0.1267,0.0067,0.0083,0.0033,0.3967,0,0.0033,0.0217,0.1308,0.0067,0.0075,0.0017,0.4058,0.5775,0.1241,1200,127.8242,124.7838,130.8646,23,60.9,123,194,386,526,141.3479,137.5509,145.145,69,94,134,193,356,1200,3.5498,3.4721,3.6274,0.7417,1.7392,3.4417,5.2767,9.8167,1200,5.6802,5.5521,5.8083,1.125,2.75,5.5,8.5,16.25,526,3.8534,3.7604,3.9465,2.0583,2.6833,3.6792,5.2125,8.9,526,6.2092,6.0532,6.3653,3.2083,4.2917,5.8958,8.4375,14.8333,0.0475,15,17,15,19,14,13,13,47,0.4492,0.815,0.0064,22.8867,445.985,0.0488,1200,25.6308,25.0034,26.2583,4,12,25,40,81,20.0516,202.4042,1045.4567,375.4717,1455.02,3.1667,383.7742,669.205,0.1622,0.2051,0.0082,0.835,0.525,476,0.6459,0.6194,0.6724,0.0008,0.1821,0.7329,0.9712,1,1002,31.4371,42.9002,30.6577,0.9752
Legendary,random,1200,0.3467,0.3203,0.374,416,0.0017,0.01,0.0275,0.1658,0.015,0.0125,0.0058,0.415,0.0017,0.0117,0.0308,0.1725,0.0167,0.0117,0.005,0.4233,0.6733,0.13,1200,124.3542,121.2255,127.4829,21,53,120,197,334,416,144.8365,140.6983,148.9748,71,97,138,203,325,1200,3.4579,3.3772,3.5386,0.6917,1.4917,3.4083,5.2925,8.75,1200,5.5305,5.3978,5.6631,1.0417,2.375,5.4167,8.5458,14.25,416,3.9562,3.8554,4.0571,2.2417,2.7833,3.775,5.3958,8.2917,416,6.3702,6.2006,6.5397,3.4583,4.3958,6.1042,8.7292,13.7083,0.0409,15,17,14,19,15,14,13,46,0.54,1.0392,0.0084,29.1742,448.285,0.0611,1200,24.9142,24.267,25.5614,4,10,24,39.1,68,20.0348,192.7775,927.1667,376.4217,1270.3625,3.55,381.2875,620.18,0.1721,0.2286,0.0092,0.7617,0.4551,498,0.6571,0.6317,0.6826,0.0033,0.1893,0.7437,0.97,1,914,30.2801,40.8807,29.7002,0.9808
Rare,greedy-egg,1200,0.0008,0.0001,0.0047,1,0.0625,0.33,0.2517,0.2692,0.0117,0.0092,0.0067,0.0583,0.0692,0.3475,0.2533,0.2525,0.01,0.0083,0.0058,0.0525,0.9992,0.1376,1200,237.7317,228.9279,246.5355,25,69.9,193,483.1,843,1,665,665,665,665,665,665,665,665,1200,6.1315,5.9106,6.3524,0.7917,1.9142,4.9917,12.2667,21.4,1200,10.0937,9.7261,10.4613,1.2083,3.0792,8.2083,20.3333,35.3333,1,16.9583,16.9583,16.9583,16.9583,16.9583,16.9583,16.9583,16.9583,1,28.0417,28.0417,28.0417,28.0417,28.0417,28.0417,28.0417,28.0417,0,79,70,41,37,24,27,27,26,0.59,1.9492,0.0082,52.4625,402.8633,0.1152,1200,47.3233,45.5477,49.099,5,13.9,38,96.1,180,19.9062,65.545,179.9808,407.0467,3065.145,92.9892,238.025,997.2417,0.267,0.1172,0.2809,0.0592,0.0141,70,0.8655,0.8313,0.8998,0.38,0.6423,0.925,0.9944,1,71,17.4648,23.1549,17.0986,0.979
Rare,greedy,1200,0.0008,0.0001,0.0047,1,0.0108,0.2167,0.1475,0.4075,0.015,0.0133,0.0167,0.1717,0.0133,0.2475,0.1542,0.385,0.0142,0.0133,0.015,0.1567,0.9992,0.1251,1200,163.6533,157.6819,169.6248,18,41,152,296.1,1023,1,511,511,511,511,511,511,511,511,1200,4.3195,4.1668,4.4722,0.6167,1.1917,4.0167,7.7092,25.9083,1200,7.0471,6.7949,7.2993,0.9167,1.875,6.5417,12.7083,42.9583,1,13.1083,13.1083,13.1083,13.1083,13.1083,13.1083,13.1083,13.1083,1,21.625,21.625,21.625,21.625,21.625,21.625,21.625,21.625,1,41,39,33,29,26,25.5,23.5,27,0.4242,1.05,0.0064,28.2317,514.05,0.0521,1200,32.5867,31.365,33.8084,3,8,30,59,212,19.912,41.9842,306.6925,221.2625,1203.0158,17.4725,397.6833,619.3558,0.1204,0.1554,0.0421,0.1725,0.0048,206,0.8431,0.8198,0.8665,0.0408,0.5846,0.9054,0.9904,1,207,22.6087,30.5507,22.1063,0.9778
Rare,random,1200,0.0008,0.0001,0.0047,1,0.0825,0.335,0.1833,0.2867,0.0092,0.0075,0.0042,0.0908,0.0883,0.3583,0.1825,0.27,0.01,0.0075,0.0042,0.0783,0.9992,0.1101,1200,129.815,124.6476,134.9824,21,33,108,258.1,741,1,258,258,258,258,258,258,258,258,1200,3.4457,3.3138,3.5775,0.6917,0.9917,2.8667,6.7342,19.025,1200,5.6092,5.3913,5.8272,1.0417,1.5417,4.6667,11.0417,31.375,1,6.95,6.95,6.95,6.95,6.95,6.95,6.95,6.95,1,11.25,11.25,11.25,11.25,11.25,11.25,11.25,11.25,1,42,35,29,22,19,20,22,22,0.4358,1.0533,0.0081,28.4858,414.5058,0.0643,1200,25.6642,24.6169,26.7115,4,6,21,52,148,19.7698,30.1583,224.4892,174.055,848.9642,11.8992,306.0842,460.1133,0.1184,0.1701,0.0374,0.0917,0.0091,109,0.868,0.8421,0.894,0.4392,0.6618,0.9125,0.9945,1,110,18.4545,24.3727,18.0909,0.9803
Epic,greedy-egg,2400,0.0817,0.0714,0.0933,196,0.0013,0.2338,0.2017,0.1812,0.0154,0.0129,0.0092,0.2629,0.0017,0.2671,0.1917,0.175,0.0142,0.0121,0.0079,0.2554,0.925,0.1405,2400,81.3167,78.7281,83.9053,16,20,56,175,331,196,185.4847,179.6953,191.2741,87,142,177,249,310,2400,2.2959,2.2272,2.3646,0.5667,0.6667,1.5667,4.825,8.6083,2400,3.6512,3.5394,3.7629,0.8333,1,2.5,7.7542,14.125,196,4.9926,4.8545,5.1307,2.5083,3.9667,4.7542,6.4583,7.95,196,8.084,7.8498,8.3181,3.9583,6.3333,7.6875,10.5833,13.0833,0.1327,16,16,14,21,16,14,15,42,0.2296,0.3504,0.0043,8.7654,215.6917,0.0391,2400,16.7333,16.1991,17.2675,3,4,11,36,71,20.578,62.3825,498.8012,317.4483,1006.7196,28.2683,75.1954,459.2337,0.1112,0.2397,0.2732,0.3446,0.237,631,0.6591,0.6369,0.6814,0.0192,0.2083,0.7333,0.9825,1,827,28.0073,37.1983,27.4813,0.9812
Epic,greedy,2400,0.0354,0.0287,0.0436,85,0,0.1913,0.1688,0.22,0.0142,0.0121,0.0046,0.3538,0,0.2112,0.1675,0.2167,0.0142,0.0117,0.0054,0.3417,0.9683,0.117,2400,110.1733,106.6992,113.6474,17,25,78,237,514,85,239.2235,224.1263,254.3208,127,168.4,222,321,514,2400,3.0377,2.9466,3.1289,0.5917,0.7917,2.1167,6.3533,13.0167,2400,4.874,4.725,5.023,0.875,1.2083,3.4167,10.3333,21.5833,85,6.3355,5.9634,6.7076,3.675,4.5433,5.9083,8.3167,13.0167,85,10.3225,9.6993,10.9458,5.7917,7.375,9.5833,13.6167,21.5833,0.4353,20,20,18,25.5,21,20,18,36,0.29,0.6433,0.0058,16.5721,364.5987,0.0435,2400,22.4271,21.7051,23.149,3,5,16,49,102,20.3562,90.7692,441.9862,402.4179,939.03,33.9288,222.8475,532.6546,0.1704,0.3,0.1321,0.3892,0.091,849,0.743,0.7273,0.7588,0.005,0.3897,0.8183,0.9743,1,934,29.137,39.2484,28.651,0.9833
Epic,random,2400,0.0121,0.0084,0.0173,29,0.0054,0.2783,0.1746,0.2162,0.0192,0.0129,0.0096,0.2717,0.0067,0.3017,0.1767,0.2087,0.0179,0.0117,0.0083,0.2575,0.9892,0.1318,2400,98.4783,95.2221,101.7345,16,23,66,213,642,29,222.4483,197.676,247.2206,120,148,228,296.4,383,2400,2.7182,2.6327,2.8037,0.5667,0.7417,1.8167,5.7592,16.2167,2400,4.3595,4.2198,4.4992,0.8333,1.125,2.9167,9.3333,26.9167,29,5.929,5.3449,6.5131,3.6667,4.0967,6.2,7.71,9.7417,29,9.6365,8.6404,10.6326,5.6667,6.5667,10,12.65,16.125,0.5172,20,20,18,27,21,21,18,30,0.3233,0.7462,0.0076,19.4483,335.0825,0.0549,2400,19.9304,19.2544,20.6065,3,5,13,44,136,20.2384,78.0754,342.4117,351.225,747.9583,35.0596,194.0567,441.7079,0.1857,0.3195,0.153,0.2838,0.0426,652,0.7905,0.7737,0.8072,0.0067,0.4563,0.8654,0.9842,1,681,24.0852,31.7004,23.7416,0.9857
