source,policy,relic,times_offered,times_picked,pick_rate,note
battle_reward,greedy-egg,echo,3918,1322,0.3374,"bot picks uniformly at random, so pick_rate only reflects offer mix/shop affordability, not preference"
battle_reward,greedy-egg,shadow,3942,1295,0.3285,"bot picks uniformly at random, so pick_rate only reflects offer mix/shop affordability, not preference"
battle_reward,greedy-egg,spark,4001,1320,0.3299,"bot picks uniformly at random, so pick_rate only reflects offer mix/shop affordability, not preference"
battle_reward,greedy-egg,seed,4016,1377,0.3429,"bot picks uniformly at random, so pick_rate only reflects offer mix/shop affordability, not preference"
battle_reward,greedy-egg,thorn,3919,1297,0.331,"bot picks uniformly at random, so pick_rate only reflects offer mix/shop affordability, not preference"
battle_reward,greedy-egg,root,4024,1329,0.3303,"bot picks uniformly at random, so pick_rate only reflects offer mix/shop affordability, not preference"
battle_reward,greedy,echo,4352,1477,0.3394,"bot picks uniformly at random, so pick_rate only reflects offer mix/shop affordability, not preference"
battle_reward,greedy,shadow,4407,1501,0.3406,"bot picks uniformly at random, so pick_rate only reflects offer mix/shop affordability, not preference"
battle_reward,greedy,spark,4415,1505,0.3409,"bot picks uniformly at random, so pick_rate only reflects offer mix/shop affordability, not preference"
battle_reward,greedy,seed,4514,1444,0.3199,"bot picks uniformly at random, so pick_rate only reflects offer mix/shop affordability, not preference"
battle_reward,greedy,thorn,4334,1337,0.3085,"bot picks uniformly at random, so pick_rate only reflects offer mix/shop affordability, not preference"
battle_reward,greedy,root,4525,1585,0.3503,"bot picks uniformly at random, so pick_rate only reflects offer mix/shop affordability, not preference"
shop,greedy,echo,784,534,0.6811,"bot picks uniformly at random, so pick_rate only reflects offer mix/shop affordability, not preference"
shop,greedy,shadow,772,537,0.6956,"bot picks uniformly at random, so pick_rate only reflects offer mix/shop affordability, not preference"
shop,greedy,spark,785,549,0.6994,"bot picks uniformly at random, so pick_rate only reflects offer mix/shop affordability, not preference"
shop,greedy,seed,832,573,0.6887,"bot picks uniformly at random, so pick_rate only reflects offer mix/shop affordability, not preference"
shop,greedy,thorn,812,572,0.7044,"bot picks uniformly at random, so pick_rate only reflects offer mix/shop affordability, not preference"
shop,greedy,root,754,514,0.6817,"bot picks uniformly at random, so pick_rate only reflects offer mix/shop affordability, not preference"
quiz,greedy,echo,368,146,0.3967,"bot picks uniformly at random, so pick_rate only reflects offer mix/shop affordability, not preference"
quiz,greedy,shadow,390,141,0.3615,"bot picks uniformly at random, so pick_rate only reflects offer mix/shop affordability, not preference"
quiz,greedy,spark,395,137,0.3468,"bot picks uniformly at random, so pick_rate only reflects offer mix/shop affordability, not preference"
quiz,greedy,seed,404,161,0.3985,"bot picks uniformly at random, so pick_rate only reflects offer mix/shop affordability, not preference"
quiz,greedy,thorn,368,133,0.3614,"bot picks uniformly at random, so pick_rate only reflects offer mix/shop affordability, not preference"
quiz,greedy,root,365,123,0.337,"bot picks uniformly at random, so pick_rate only reflects offer mix/shop affordability, not preference"
battle_reward,random,echo,3734,1207,0.3232,"bot picks uniformly at random, so pick_rate only reflects offer mix/shop affordability, not preference"
battle_reward,random,shadow,3692,1250,0.3386,"bot picks uniformly at random, so pick_rate only reflects offer mix/shop affordability, not preference"
battle_reward,random,spark,3851,1284,0.3334,"bot picks uniformly at random, so pick_rate only reflects offer mix/shop affordability, not preference"
battle_reward,random,seed,3815,1251,0.3279,"bot picks uniformly at random, so pick_rate only reflects offer mix/shop affordability, not preference"
battle_reward,random,thorn,3694,1261,0.3414,"bot picks uniformly at random, so pick_rate only reflects offer mix/shop affordability, not preference"
battle_reward,random,root,3741,1256,0.3357,"bot picks uniformly at random, so pick_rate only reflects offer mix/shop affordability, not preference"
shop,greedy-egg,echo,705,484,0.6865,"bot picks uniformly at random, so pick_rate only reflects offer mix/shop affordability, not preference"
shop,greedy-egg,shadow,691,491,0.7106,"bot picks uniformly at random, so pick_rate only reflects offer mix/shop affordability, not preference"
shop,greedy-egg,spark,695,476,0.6849,"bot picks uniformly at random, so pick_rate only reflects offer mix/shop affordability, not preference"
shop,greedy-egg,seed,700,495,0.7071,"bot picks uniformly at random, so pick_rate only reflects offer mix/shop affordability, not preference"
shop,greedy-egg,thorn,652,462,0.7086,"bot picks uniformly at random, so pick_rate only reflects offer mix/shop affordability, not preference"
shop,greedy-egg,root,714,494,0.6919,"bot picks uniformly at random, so pick_rate only reflects offer mix/shop affordability, not preference"
quiz,greedy-egg,echo,336,120,0.3571,"bot picks uniformly at random, so pick_rate only reflects offer mix/shop affordability, not preference"
quiz,greedy-egg,shadow,368,129,0.3505,"bot picks uniformly at random, so pick_rate only reflects offer mix/shop affordability, not preference"
quiz,greedy-egg,spark,347,124,0.3573,"bot picks uniformly at random, so pick_rate only reflects offer mix/shop affordability, not preference"
quiz,greedy-egg,seed,359,126,0.351,"bot picks uniformly at random, so pick_rate only reflects offer mix/shop affordability, not preference"
quiz,greedy-egg,thorn,328,104,0.3171,"bot picks uniformly at random, so pick_rate only reflects offer mix/shop affordability, not preference"
quiz,greedy-egg,root,331,133,0.4018,"bot picks uniformly at random, so pick_rate only reflects offer mix/shop affordability, not preference"
shop,random,echo,598,436,0.7291,"bot picks uniformly at random, so pick_rate only reflects offer mix/shop affordability, not preference"
shop,random,shadow,636,420,0.6604,"bot picks uniformly at random, so pick_rate only reflects offer mix/shop affordability, not preference"
shop,random,spark,576,412,0.7153,"bot picks uniformly at random, so pick_rate only reflects offer mix/shop affordability, not preference"
shop,random,seed,647,438,0.677,"bot picks uniformly at random, so pick_rate only reflects offer mix/shop affordability, not preference"
shop,random,thorn,603,415,0.6882,"bot picks uniformly at random, so pick_rate only reflects offer mix/shop affordability, not preference"
shop,random,root,616,421,0.6834,"bot picks uniformly at random, so pick_rate only reflects offer mix/shop affordability, not preference"
quiz,random,echo,305,111,0.3639,"bot picks uniformly at random, so pick_rate only reflects offer mix/shop affordability, not preference"
quiz,random,shadow,302,114,0.3775,"bot picks uniformly at random, so pick_rate only reflects offer mix/shop affordability, not preference"
quiz,random,spark,314,105,0.3344,"bot picks uniformly at random, so pick_rate only reflects offer mix/shop affordability, not preference"
quiz,random,seed,309,104,0.3366,"bot picks uniformly at random, so pick_rate only reflects offer mix/shop affordability, not preference"
quiz,random,thorn,285,115,0.4035,"bot picks uniformly at random, so pick_rate only reflects offer mix/shop affordability, not preference"
quiz,random,root,304,112,0.3684,"bot picks uniformly at random, so pick_rate only reflects offer mix/shop affordability, not preference"
