egg,egg_name,rarity,policy,n_runs,win_rate,win_rate_lo,win_rate_hi,win_rate_k,lose_final_r1,lose_final_r2,lose_final_r3,lose_final_r4,lose_final_r5,lose_final_r6,lose_final_r7,lose_final_r8,first_death_r1,first_death_r2,first_death_r3,first_death_r4,first_death_r5,first_death_r6,first_death_r7,first_death_r8,revive_used_rate,revive_success_given_used,swipes_n,swipes_mean,swipes_ci_lo,swipes_ci_hi,swipes_min,swipes_p10,swipes_median,swipes_p90,swipes_max,swipes_win_n,swipes_win_mean,swipes_win_ci_lo,swipes_win_ci_hi,swipes_win_min,swipes_win_p10,swipes_win_median,swipes_win_p90,swipes_win_max,min_lo_n,min_lo_mean,min_lo_ci_lo,min_lo_ci_hi,min_lo_min,min_lo_p10,min_lo_median,min_lo_p90,min_lo_max,min_hi_n,min_hi_mean,min_hi_ci_lo,min_hi_ci_hi,min_hi_min,min_hi_p10,min_hi_median,min_hi_p90,min_hi_max,min_lo_win_n,min_lo_win_mean,min_lo_win_ci_lo,min_lo_win_ci_hi,min_lo_win_min,min_lo_win_p10,min_lo_win_median,min_lo_win_p90,min_lo_win_max,min_hi_win_n,min_hi_win_mean,min_hi_win_ci_lo,min_hi_win_ci_hi,min_hi_win_min,min_hi_win_p10,min_hi_win_median,min_hi_win_p90,min_hi_win_max,min_target_hit_win_rate,swipes_median_r1,swipes_median_r2,swipes_median_r3,swipes_median_r4,swipes_median_r5,swipes_median_r6,swipes_median_r7,swipes_median_r8,jam_run_rate,jam_events_per_run,jam_swipe_frac,jam_hp_lost_mean,enemy_hp_lost_mean,jam_share_of_hp_loss,casts_n,casts_mean,casts_ci_lo,casts_ci_hi,casts_min,casts_p10,casts_median,casts_p90,casts_max,casts_per_100_swipes,skill_dmg_mean,ord_dmg_mean,skill_armor_mean,ord_armor_mean,skill_heal_mean,ord_heal_mean,armor_blocked_mean,skill_dmg_share,skill_armor_share,skill_heal_share,stag_reached_rate,stag_win_given_reached,stag_hp_left_frac_at_loss_n,stag_hp_left_frac_at_loss_mean,stag_hp_left_frac_at_loss_ci_lo,stag_hp_left_frac_at_loss_ci_hi,stag_hp_left_frac_at_loss_min,stag_hp_left_frac_at_loss_p10,stag_hp_left_frac_at_loss_median,stag_hp_left_frac_at_loss_p90,stag_hp_left_frac_at_loss_max,stag_runs,roots_applied_per_stag_run,root_hits_per_stag_run,roots_released_per_stag_run,root_release_ratio
egg1,เพลิง,Common,greedy-egg,1200,0,0,0.0032,0,0.0025,0.365,0.3675,0.23,0.0042,0.0042,0.0008,0.0258,0.0067,0.6392,0.2108,0.1308,0.0033,0,0.0008,0.0083,1,0.7142,1200,39.6625,38.6825,40.6425,16,23,35,63,129,0,NaN,NaN,NaN,NaN,NaN,NaN,NaN,NaN,1200,1.1685,1.1421,1.195,0.5667,0.7417,1.0417,1.7417,3.675,1200,1.8295,1.7868,1.8723,0.8333,1.125,1.625,2.7917,5.7917,0,NaN,NaN,NaN,NaN,NaN,NaN,NaN,NaN,0,NaN,NaN,NaN,NaN,NaN,NaN,NaN,NaN,NaN,15,14,9,9,8.5,8,16,9,0.0008,0.0008,0,0.0167,188.2792,0.0001,1200,7.4642,7.2683,7.6601,3,4,6,12,26,18.8192,49.2425,174.0958,63.8458,42.0275,0,41.1333,81.3675,0.2205,0.603,0,0.0258,0,31,0.8899,0.852,0.9277,0.5908,0.7458,0.9192,0.995,1,31,4.7097,6.7742,4,0.8493
egg1,เพลิง,Common,greedy,1200,0.0017,0.0005,0.0061,2,0,0.2033,0.2175,0.3233,0.0158,0.0075,0.0092,0.2217,0.0025,0.4075,0.1867,0.2475,0.0125,0.0117,0.0042,0.1267,0.9992,0.7415,1200,80.0842,77.0798,83.0886,17,29,66,159,388,2,231,150.64,311.36,190,198.2,231,263.8,272,1200,2.2421,2.1613,2.3229,0.5917,0.8917,1.8167,4.4758,10.2,1200,3.5768,3.4461,3.7076,0.875,1.375,2.9167,7.0833,16.6667,2,6.1083,4.0993,8.1173,5.0833,5.2883,6.1083,6.9283,7.1333,2,9.9583,6.61,13.3067,8.25,8.5917,9.9583,11.325,11.6667,0.5,20,20,16,20,20,18,18,22,0.1167,0.2342,0.0029,5.8417,356.3842,0.0161,1200,15.705,15.0868,16.3232,3,5,13,32,81,19.6106,106.2067,280.465,145.6667,296.36,0,209.6592,254.9333,0.2747,0.3295,0,0.2233,0.0075,266,0.8001,0.7759,0.8244,0.0392,0.5137,0.8733,0.9792,1,268,18.2463,23.2575,17.8209,0.9767
egg1,เพลิง,Common,random,1200,0.0008,0.0001,0.0047,1,0.0033,0.295,0.2192,0.2983,0.0108,0.0108,0.0092,0.1525,0.0258,0.5025,0.1375,0.2275,0.0108,0.0058,0.005,0.0842,0.9992,0.7264,1200,72.7608,70.029,75.4927,19,28,58,143,331,1,218,218,218,218,218,218,218,218,1200,2.0354,1.9625,2.1083,0.6417,0.8667,1.6167,3.9942,8.6083,1200,3.2481,3.1297,3.3665,0.9583,1.3333,2.5833,6.3042,14.125,1,5.7833,5.7833,5.7833,5.7833,5.7833,5.7833,5.7833,5.7833,1,9.4167,9.4167,9.4167,9.4167,9.4167,9.4167,9.4167,9.4167,0,20,20,16,20,20,20,17,18,0.1292,0.26,0.0036,6.3858,323.0792,0.0194,1200,14.1958,13.6374,14.7543,3,5,11,28,68,19.5103,94.3075,221.9833,134.7542,227.165,0,180.1367,216.82,0.2982,0.3723,0,0.1533,0.0054,183,0.8759,0.8607,0.8911,0.4875,0.725,0.9125,0.9782,1,184,13.837,18.8207,13.4511,0.9721
egg2,พฤกษ์,Common,greedy-egg,1200,0.0042,0.0018,0.0097,5,0.0008,0.0333,0.0508,0.5683,0.015,0.0108,0.0117,0.305,0.0017,0.0633,0.065,0.6083,0.0158,0.015,0.0075,0.2208,0.9975,0.7076,1200,536.9583,523.8143,550.1023,37,240.8,537.5,814.2,1466,5,477.2,383.5653,570.8347,356,387.6,447,587.8,643,1200,13.6915,13.3628,14.0201,1.0917,6.425,13.6458,20.6917,36.9833,1200,22.6408,22.0931,23.1884,1.7083,10.4125,22.6042,34.2667,61.4167,5,12.43,10.1548,14.7052,9.4,10.19,11.8417,15.095,16.4083,5,20.3833,16.5481,24.2186,15.3333,16.65,19.2917,24.8917,27.125,0.8,98,130,135,88.5,41,36,30,45,0.9492,8.7133,0.0162,214.8808,1289.4033,0.1428,1200,90.0267,87.8046,92.2487,6,40,89.5,139,258,16.766,66.3875,424.7233,961.4825,5978.9542,314.9717,1052.0017,2912.2867,0.1352,0.1385,0.2304,0.3092,0.0135,366,0.8149,0.7934,0.8364,0.0033,0.4958,0.9033,0.9867,1,371,36.9164,46.531,36.6658,0.9932
egg2,พฤกษ์,Common,greedy,1200,0.0067,0.0034,0.0131,8,0.0033,0.065,0.0558,0.3517,0.0142,0.0133,0.0133,0.4767,0.0117,0.1258,0.0742,0.4125,0.01,0.0167,0.0117,0.335,0.9975,0.7068,1200,252.0833,244.8634,259.3033,19,88,247.5,413,877,8,361.625,307.5155,415.7345,212,269.4,371,430.9,447,1200,6.6175,6.4334,6.8016,0.6417,2.3667,6.4667,10.7775,22.0917,1200,10.8189,10.5145,11.1233,0.9583,3.8333,10.5833,17.6667,36.7083,8,9.5406,8.2292,10.852,5.9667,7.285,9.675,11.2892,11.3417,8,15.5677,13.3571,17.7783,9.5,11.775,15.7917,18.4708,18.7917,0.875,43,45,40,54,48,31,34,33.5,0.6808,2.4625,0.0098,59.9458,912.845,0.0616,1200,42.1058,40.8686,43.3431,3,14,41,69,157,16.7031,30.7058,523.8258,409.3642,1761.9108,203.0142,629.62,1096.6658,0.0554,0.1885,0.2438,0.4833,0.0138,572,0.84,0.8242,0.8557,0.0175,0.5852,0.9167,0.9932,1,580,27.3759,35.5241,27.0259,0.9872
egg2,พฤกษ์,Common,random,1200,0.0017,0.0005,0.0061,2,0.0142,0.0967,0.1,0.4308,0.0208,0.0217,0.01,0.3042,0.0442,0.1692,0.1008,0.45,0.0142,0.0083,0.0067,0.2058,0.9992,0.7264,1200,220.6408,214.1606,227.1211,20,73,215,368,772,2,396.5,354.36,438.64,375,379.3,396.5,413.7,418,1200,5.7869,5.621,5.9527,0.6667,1.9917,5.6083,9.5108,19.6333,1200,9.4642,9.1905,9.7379,1,3.2083,9.2083,15.625,32.5,2,10.3292,9.1123,11.546,9.7083,9.8325,10.3292,10.8258,10.95,2,16.9375,15.0183,18.8567,15.9583,16.1542,16.9375,17.7208,17.9167,1,46,46,38,45,33,30,30,27,0.745,2.7933,0.0127,68.075,800.6833,0.0784,1200,36.8217,35.7123,37.931,3,12,35,62.1,142,16.6885,25.53,413.7208,343.8425,1407.7467,194.7308,534.9508,904.1192,0.0581,0.1963,0.2669,0.3058,0.0054,365,0.876,0.8612,0.8909,0.0233,0.7002,0.935,0.995,1,367,21.9401,27.1989,21.6567,0.9871
egg3,เทพ,Legendary,greedy-egg,1200,0.86,0.8392,0.8785,1032,0,0,0.0008,0.0067,0.0008,0.0008,0.0008,0.13,0,0,0.0017,0.0208,0,0,0.0008,0.225,0.2483,0.7181,1200,111.1942,109.6742,112.7141,28,80,108,147,226,1032,110.6793,109.1383,112.2202,57,81,108,144.9,214,1200,3.121,3.085,3.157,0.8667,2.375,3.0667,3.9917,5.8167,1200,4.9742,4.9132,5.0352,1.3333,3.7083,4.875,6.4167,9.5833,1032,3.0989,3.0631,3.1347,1.8833,2.3917,3.0333,3.8917,5.35,1032,4.9435,4.8824,5.0046,2.875,3.7542,4.8333,6.2875,8.9167,0,12,13,11,16,11,11,9.5,42,0.4192,0.5383,0.0048,15.0133,342.0083,0.0421,1200,22.2342,21.9237,22.5446,5,16,22,29,47,19.9958,198.5733,1502.5617,270.7142,1793.5892,1.4342,324.69,635.2525,0.1167,0.1311,0.0044,0.99,0.8687,156,0.5191,0.4714,0.5669,0.0142,0.1113,0.5058,0.9246,0.9883,1188,27.7273,37.8013,26.8005,0.9666
egg3,เทพ,Legendary,greedy,1200,0.54,0.5117,0.568,648,0,0.0017,0.0058,0.0708,0.0058,0.005,0.0058,0.365,0,0.0033,0.0217,0.1308,0.0067,0.0067,0.0025,0.3883,0.56,0.75,1200,137.3167,134.2936,140.3397,23,79,131,204.2,433,648,143.1327,139.4957,146.7697,69,93,134,204.6,356,1200,3.8032,3.7267,3.8797,0.7417,2.4075,3.6667,5.4517,10.9917,1200,6.0918,5.9652,6.2184,1.125,3.7458,5.8333,8.875,18.2083,648,3.9248,3.8351,4.0144,2.0583,2.6667,3.7333,5.4192,8.9,648,6.3103,6.1603,6.4603,3.2083,4.25,5.9583,8.8042,14.8333,0.0556,15,17,15,19,14,13,12,48,0.5333,1.0317,0.0075,28.8708,497.2083,0.0549,1200,27.6542,27.0288,28.2796,4,16,26.5,42,91,20.139,228.0083,1168.425,387.6342,1597.8133,3.3142,435.1533,722.2092,0.1633,0.1952,0.0076,0.905,0.5967,438,0.6034,0.575,0.6319,0.0017,0.1478,0.6621,0.9633,1,1086,33.6372,45.232,32.9144,0.9785
egg3,เทพ,Legendary,random,1200,0.4392,0.4113,0.4674,527,0,0.0083,0.0092,0.1133,0.02,0.0083,0.0083,0.3933,0.0017,0.0117,0.0308,0.1725,0.0167,0.0117,0.0067,0.4125,0.6642,0.7302,1200,133.5,130.3519,136.6481,26,64.9,128.5,204,446,527,146.3833,142.5478,150.2188,71,96,139,211.2,325,1200,3.7057,3.6254,3.786,0.8167,1.8917,3.5958,5.475,11.4833,1200,5.9307,5.7981,6.0632,1.25,2.9958,5.75,8.8333,18.9167,527,4.0192,3.9249,4.1134,2.2333,2.7883,3.8083,5.5733,8.2917,527,6.4589,6.301,6.6168,3.4583,4.375,6.125,9.1,13.7083,0.0474,15,17,15,20,15,14,13,48,0.62,1.3075,0.0098,36.6667,495.6058,0.0689,1200,26.85,26.1986,27.5014,5,12,26,41,93,20.1124,215.4342,1038.6042,393.81,1400.6342,3.6675,427.8092,672.9658,0.1718,0.2195,0.0085,0.8325,0.5275,472,0.6375,0.6114,0.6636,0.0033,0.147,0.7067,0.9633,1,999,32.2643,42.99,31.6607,0.9813
egg4,ธาร,Rare,greedy-egg,1200,0,0,0.0032,0,0.0283,0.255,0.2642,0.3208,0.0167,0.0125,0.0108,0.0917,0.0692,0.3475,0.2533,0.2525,0.01,0.0083,0.0067,0.0525,1,0.7375,1200,270.6317,261.4047,279.8586,38,89,239,524.1,843,0,NaN,NaN,NaN,NaN,NaN,NaN,NaN,NaN,1200,6.9654,6.7339,7.1968,1.1167,2.3917,6.1667,13.3692,21.2417,1200,11.4759,11.0907,11.8611,1.75,3.875,10.125,22.1667,35.2917,0,NaN,NaN,NaN,NaN,NaN,NaN,NaN,NaN,0,NaN,NaN,NaN,NaN,NaN,NaN,NaN,NaN,NaN,80,78,44,42,26,25.5,27.5,29,0.6658,2.45,0.0091,65.0392,465.5967,0.1226,1200,53.9833,52.1207,55.846,7,17,48,105,176,19.9472,78.4242,211.4742,454.8517,3523.1767,104.1317,276.7567,1144.6383,0.2705,0.1143,0.2734,0.0917,0,110,0.8527,0.8243,0.8811,0.3733,0.6252,0.9108,0.9908,1,110,17.5455,24.9182,17.2,0.9803
egg4,ธาร,Rare,greedy,1200,0.0058,0.0028,0.012,7,0.0017,0.1092,0.135,0.4458,0.0225,0.02,0.0208,0.2392,0.0133,0.2475,0.1542,0.385,0.0142,0.0167,0.015,0.1533,0.9992,0.7256,1200,190.0017,183.8172,196.1861,23,60,174.5,324.1,1023,7,405.4286,356.3598,454.4973,338,347.6,370,490,511,1200,5.0052,4.8467,5.1636,0.7417,1.6667,4.6625,8.4667,25.9083,1200,8.1719,7.9105,8.4333,1.125,2.6667,7.5833,13.8375,42.9583,7,10.5881,9.341,11.8352,8.95,9.09,9.75,12.7833,13.1083,7,17.3452,15.2816,19.4089,14.5833,14.8833,15.9167,20.95,21.625,1,41,41,33,35,27,26,23,32.5,0.5017,1.4075,0.0074,37.3458,617.7025,0.057,1200,37.9683,36.6982,39.2385,4,11.9,35,66,212,19.9832,51.8258,379.1625,241.1483,1425.8717,21.0833,479.8267,727.1767,0.1202,0.1447,0.0421,0.245,0.0238,287,0.8105,0.7876,0.8335,0.0133,0.5525,0.8717,0.989,1,294,26.4286,33.8027,25.966,0.9825
egg4,ธาร,Rare,random,1200,0.0017,0.0005,0.0061,2,0.0275,0.225,0.1892,0.3792,0.0183,0.015,0.0083,0.1358,0.0883,0.3583,0.1825,0.27,0.01,0.0067,0.005,0.0783,0.9992,0.7398,1200,156.2733,150.8093,161.7374,21,45.9,142,285,811,2,322,251.44,392.56,286,293.2,322,350.8,358,1200,4.1241,3.9843,4.2638,0.6917,1.3142,3.7917,7.4667,20.775,1200,6.7286,6.4978,6.9594,1.0417,2.0792,6.125,12.125,34.2917,2,8.4667,6.5393,10.394,7.4833,7.68,8.4667,9.2533,9.45,2,13.8333,10.73,16.9367,12.25,12.5667,13.8333,15.1,15.4167,1,43,39,30,28,20.5,20,22,27,0.5333,1.4358,0.0092,38.3333,509.9433,0.0699,1200,31.0558,29.944,32.1677,4,9,28,57,164,19.8728,38.95,284.2942,198.125,1054.155,15.6833,380.0733,559.2217,0.1205,0.1582,0.0396,0.1375,0.0121,163,0.8465,0.8242,0.8687,0.3317,0.6448,0.9,0.9928,1,165,21.2121,27.1576,20.897,0.9851
egg5,นภา,Epic,greedy-egg,1200,0.0033,0.0013,0.0085,4,0.0017,0.255,0.4058,0.2175,0.0075,0.0042,0.005,0.1,0.0033,0.5233,0.2983,0.105,0.005,0.0017,0.0033,0.0583,0.9983,0.7437,1200,46.8792,44.8031,48.9553,16,23,33,109.1,227,4,157.75,140.1032,175.3968,138,140.7,159.5,173.4,174,1200,1.3732,1.3165,1.4299,0.5667,0.7417,0.9917,3.0992,6.0083,1200,2.1545,2.0633,2.2458,0.8333,1.125,1.5417,4.9167,9.7917,4,4.4021,3.998,4.8062,3.95,4.0175,4.4042,4.785,4.85,4,7.0313,6.3356,7.7269,6.25,6.3625,7.0625,7.675,7.75,0,13,13,9,9,16,15.5,12,24,0.045,0.0492,0.001,1.05,196.92,0.0053,1200,10.5742,10.0672,11.0812,3,5,7,25,58,22.5562,88.5433,202.5925,146.0742,43.9867,0,46.585,126.435,0.3041,0.7686,0,0.1033,0.0323,120,0.7694,0.7312,0.8076,0.0375,0.4392,0.8379,0.9833,1,124,14.6935,19.0403,14.25,0.9698
egg5,นภา,Epic,greedy,1200,0.0067,0.0034,0.0131,8,0,0.19,0.2308,0.3167,0.01,0.0092,0.0117,0.225,0,0.3617,0.2433,0.2142,0.0108,0.01,0.0058,0.15,0.9958,0.718,1200,82.3358,78.2342,86.4374,17,27,53,195,436,8,308.875,260.5766,357.1734,201,222,313,392.9,409,1200,2.2956,2.1878,2.4034,0.5917,0.8417,1.4917,5.32,11.2333,1200,3.6679,3.4918,3.844,0.875,1.2917,2.375,8.5458,18.5,8,8.076,6.9275,9.2246,5.525,6.05,8.15,10.0392,10.5583,8,13.224,11.2714,15.1765,8.875,9.75,13.375,16.5875,17.375,0.875,17,17,15,19,20,21,18,30,0.1375,0.3308,0.004,8.6667,351.5558,0.0241,1200,17.4975,16.5884,18.4066,3,5,11,43,99,21.2514,145.7367,261.9917,196.3292,265.405,0,207.9558,263.9833,0.3574,0.4252,0,0.2317,0.0288,270,0.776,0.7506,0.8014,0.01,0.4782,0.8504,0.9745,1,278,25.3597,32.9317,24.8777,0.981
egg5,นภา,Epic,random,1200,0,0,0.0032,0,0.0017,0.2642,0.2775,0.2675,0.015,0.0108,0.0042,0.1592,0.0133,0.48,0.2233,0.1717,0.01,0.0067,0.0033,0.0917,1,0.7333,1200,72.0067,68.371,75.6423,16,25,46,166.1,436,0,NaN,NaN,NaN,NaN,NaN,NaN,NaN,NaN,1200,2.0181,1.9223,2.1139,0.5667,0.7917,1.3167,4.5508,11.4,1200,3.2182,3.0618,3.3745,0.8333,1.2083,2.0833,7.2958,18.6667,0,NaN,NaN,NaN,NaN,NaN,NaN,NaN,NaN,0,NaN,NaN,NaN,NaN,NaN,NaN,NaN,NaN,NaN,17,17,14,18,22,20.5,20,27,0.165,0.3867,0.0054,10.0358,310.5525,0.0313,1200,15.0492,14.2609,15.8375,3,5,9,36,94,20.8997,123.7883,206.1517,167.3817,197.9517,0,168.8175,210.2492,0.3752,0.4582,0,0.1592,0,191,0.8157,0.7895,0.8419,0.0042,0.5875,0.8633,0.9833,1,191,19.9895,25.4921,19.7016,0.9856
egg6,ธรา,Epic,greedy-egg,1200,0.2358,0.2127,0.2607,283,0,0.0025,0.0358,0.1708,0.0267,0.0167,0.0167,0.495,0,0.0108,0.085,0.245,0.0233,0.0233,0.0108,0.4517,0.85,0.7392,1200,135.2475,131.8342,138.6608,28,56,137,212,344,283,183.1837,178.2912,188.0763,87,137.2,174,241.6,344,1200,3.7484,3.6603,3.8365,0.8667,1.5667,3.9,5.6167,8.7667,1200,6.0025,5.8577,6.1474,1.3333,2.5,6.1667,9.1667,14.5,283,4.9795,4.8632,5.0958,2.5083,3.925,4.7583,6.3433,8.7667,283,8.0325,7.8352,8.2299,3.9583,6.2083,7.6667,10.3167,14.5,0.1166,20,21,18,23.5,16,14,15,48,0.52,0.8717,0.0064,21.7075,301.2,0.0672,1200,27.2483,26.5328,27.9638,5,11,28,43,72,20.147,64.5608,982.715,558.5875,2261.3825,59.8967,125.7208,912.1908,0.0616,0.1981,0.3227,0.7308,0.3227,594,0.6156,0.5922,0.6389,0.0075,0.1878,0.6529,0.9793,1,877,31.0422,40.5906,30.4903,0.9822
egg6,ธรา,Epic,greedy,1200,0.1175,0.1005,0.137,141,0,0.0158,0.0542,0.1808,0.0208,0.015,0.0083,0.5875,0,0.0608,0.0917,0.2192,0.0175,0.015,0.0075,0.525,0.9367,0.7402,1200,169.24,164.1607,174.3193,20,57.9,163,294,514,141,235.0284,222.6673,247.3895,119,157,218,326,514,1200,4.6034,4.4726,4.7342,0.6667,1.6142,4.5167,7.75,13.0167,1200,7.424,7.2087,7.6393,1,2.5792,7.2083,12.675,21.5833,141,6.2965,5.9908,6.6022,3.6,4.3167,5.825,8.55,13.0167,141,10.2137,9.7023,10.725,5.625,7.0417,9.5417,13.9167,21.5833,0.4326,24,26,20,30,21,18,17,48,0.5625,1.44,0.0085,36.7592,516.5175,0.0664,1200,34.0758,33.0205,35.1311,4,11,32,61,102,20.1346,79.0958,810.7017,705.6508,2008.6383,76.0708,330.7725,965.055,0.0889,0.26,0.187,0.705,0.1667,705,0.6758,0.6565,0.695,0.005,0.2633,0.7392,0.9588,1,846,35.8771,47.4775,35.3948,0.9866
egg6,ธรา,Epic,random,1200,0.0408,0.031,0.0536,49,0,0.0392,0.0908,0.2417,0.0208,0.0158,0.0158,0.535,0,0.1233,0.13,0.2458,0.0258,0.015,0.0108,0.43,0.9808,0.7281,1200,153.9008,149.0835,158.7182,19,50.9,150,268.1,670,49,227.3878,209.9994,244.7761,120,154.8,221,311.8,383,1200,4.1943,4.0687,4.3199,0.6417,1.4392,4.1708,7.1358,16.9167,1200,6.7593,6.5536,6.9651,0.9583,2.2875,6.6875,11.6292,28.0833,49,6.1337,5.7189,6.5485,3.6667,4.2033,5.8583,8.005,9.7417,49,9.9235,9.2198,10.6271,5.6667,6.7417,9.5417,13.1917,16.125,0.4694,26,27,22,30,21,20,18,37,0.6142,1.6042,0.0104,41.2525,483.53,0.0786,1200,30.9317,29.9299,31.9334,3,10,30,55,142,20.0984,68.685,626.7792,621.6367,1518.485,76.0508,296.9433,813.1658,0.0988,0.2905,0.2039,0.5758,0.0709,642,0.7384,0.7197,0.7571,0.0067,0.3686,0.8242,0.9749,1,691,28.4515,37.1288,28.1389,0.989
