policy,egg,relic,runs_with,win_with,win_with_lo,win_with_hi,runs_without,win_without,win_without_lo,win_without_hi,diff,caveat
random,ALL,echo,2252,0.1794,0.1641,0.1958,4948,0.0358,0.0309,0.0413,0.1436,BIASED by survivorship: later relics only exist in runs that survived long enough. Use relic_effect_early.csv for the fair comparison.
random,ALL,shadow,2270,0.1568,0.1425,0.1724,4930,0.0456,0.0402,0.0518,0.1112,BIASED by survivorship: later relics only exist in runs that survived long enough. Use relic_effect_early.csv for the fair comparison.
random,ALL,spark,2290,0.1603,0.1458,0.1759,4910,0.0436,0.0382,0.0497,0.1167,BIASED by survivorship: later relics only exist in runs that survived long enough. Use relic_effect_early.csv for the fair comparison.
random,ALL,seed,2318,0.1635,0.149,0.1791,4882,0.0414,0.0361,0.0473,0.1221,BIASED by survivorship: later relics only exist in runs that survived long enough. Use relic_effect_early.csv for the fair comparison.
random,ALL,thorn,2274,0.1671,0.1523,0.183,4926,0.0408,0.0356,0.0467,0.1263,BIASED by survivorship: later relics only exist in runs that survived long enough. Use relic_effect_early.csv for the fair comparison.
random,ALL,root,2254,0.1948,0.1789,0.2116,4946,0.0287,0.0244,0.0337,0.1661,BIASED by survivorship: later relics only exist in runs that survived long enough. Use relic_effect_early.csv for the fair comparison.
random,egg1,echo,234,0.0043,0.0008,0.0238,966,0,0,0.004,0.0043,BIASED by survivorship: later relics only exist in runs that survived long enough. Use relic_effect_early.csv for the fair comparison.
random,egg1,shadow,239,0.0042,0.0007,0.0233,961,0,0,0.004,0.0042,BIASED by survivorship: later relics only exist in runs that survived long enough. Use relic_effect_early.csv for the fair comparison.
random,egg1,spark,234,0.0043,0.0008,0.0238,966,0,0,0.004,0.0043,BIASED by survivorship: later relics only exist in runs that survived long enough. Use relic_effect_early.csv for the fair comparison.
random,egg1,seed,253,0.004,0.0007,0.022,947,0,0,0.004,0.004,BIASED by survivorship: later relics only exist in runs that survived long enough. Use relic_effect_early.csv for the fair comparison.
random,egg1,thorn,240,0,0,0.0158,960,0.001,0.0002,0.0059,-0.001,BIASED by survivorship: later relics only exist in runs that survived long enough. Use relic_effect_early.csv for the fair comparison.
random,egg1,root,206,0.0049,0.0009,0.027,994,0,0,0.0038,0.0049,BIASED by survivorship: later relics only exist in runs that survived long enough. Use relic_effect_early.csv for the fair comparison.
random,egg2,echo,345,0.0058,0.0016,0.0209,855,0,0,0.0045,0.0058,BIASED by survivorship: later relics only exist in runs that survived long enough. Use relic_effect_early.csv for the fair comparison.
random,egg2,shadow,355,0.0028,0.0005,0.0158,845,0.0012,0.0002,0.0067,0.0016,BIASED by survivorship: later relics only exist in runs that survived long enough. Use relic_effect_early.csv for the fair comparison.
random,egg2,spark,379,0.0026,0.0005,0.0148,821,0.0012,0.0002,0.0069,0.0014,BIASED by survivorship: later relics only exist in runs that survived long enough. Use relic_effect_early.csv for the fair comparison.
random,egg2,seed,390,0.0026,0.0005,0.0144,810,0.0012,0.0002,0.007,0.0013,BIASED by survivorship: later relics only exist in runs that survived long enough. Use relic_effect_early.csv for the fair comparison.
random,egg2,thorn,361,0.0055,0.0015,0.02,839,0,0,0.0046,0.0055,BIASED by survivorship: later relics only exist in runs that survived long enough. Use relic_effect_early.csv for the fair comparison.
random,egg2,root,364,0.0055,0.0015,0.0198,836,0,0,0.0046,0.0055,BIASED by survivorship: later relics only exist in runs that survived long enough. Use relic_effect_early.csv for the fair comparison.
random,egg3,echo,663,0.546,0.5079,0.5835,537,0.3073,0.2697,0.3475,0.2387,BIASED by survivorship: later relics only exist in runs that survived long enough. Use relic_effect_early.csv for the fair comparison.
random,egg3,shadow,676,0.4852,0.4477,0.5229,524,0.3798,0.3392,0.4221,0.1054,BIASED by survivorship: later relics only exist in runs that survived long enough. Use relic_effect_early.csv for the fair comparison.
random,egg3,spark,659,0.4977,0.4597,0.5358,541,0.3678,0.3283,0.4093,0.1299,BIASED by survivorship: later relics only exist in runs that survived long enough. Use relic_effect_early.csv for the fair comparison.
random,egg3,seed,687,0.5036,0.4663,0.5409,513,0.3528,0.3127,0.3951,0.1508,BIASED by survivorship: later relics only exist in runs that survived long enough. Use relic_effect_early.csv for the fair comparison.
random,egg3,thorn,664,0.5045,0.4666,0.5424,536,0.3582,0.3188,0.3997,0.1463,BIASED by survivorship: later relics only exist in runs that survived long enough. Use relic_effect_early.csv for the fair comparison.
random,egg3,root,677,0.5746,0.537,0.6113,523,0.2639,0.2279,0.3033,0.3107,BIASED by survivorship: later relics only exist in runs that survived long enough. Use relic_effect_early.csv for the fair comparison.
random,egg4,echo,246,0.0081,0.0022,0.0292,954,0,0,0.004,0.0081,BIASED by survivorship: later relics only exist in runs that survived long enough. Use relic_effect_early.csv for the fair comparison.
random,egg4,shadow,249,0,0,0.0152,951,0.0021,0.0006,0.0076,-0.0021,BIASED by survivorship: later relics only exist in runs that survived long enough. Use relic_effect_early.csv for the fair comparison.
random,egg4,spark,239,0.0042,0.0007,0.0233,961,0.001,0.0002,0.0059,0.0031,BIASED by survivorship: later relics only exist in runs that survived long enough. Use relic_effect_early.csv for the fair comparison.
random,egg4,seed,219,0.0046,0.0008,0.0254,981,0.001,0.0002,0.0058,0.0035,BIASED by survivorship: later relics only exist in runs that survived long enough. Use relic_effect_early.csv for the fair comparison.
random,egg4,thorn,255,0.0078,0.0022,0.0281,945,0,0,0.004,0.0078,BIASED by survivorship: later relics only exist in runs that survived long enough. Use relic_effect_early.csv for the fair comparison.
random,egg4,root,232,0.0086,0.0024,0.0309,968,0,0,0.004,0.0086,BIASED by survivorship: later relics only exist in runs that survived long enough. Use relic_effect_early.csv for the fair comparison.
random,egg5,echo,238,0,0,0.0159,962,0,0,0.004,0,BIASED by survivorship: later relics only exist in runs that survived long enough. Use relic_effect_early.csv for the fair comparison.
random,egg5,shadow,238,0,0,0.0159,962,0,0,0.004,0,BIASED by survivorship: later relics only exist in runs that survived long enough. Use relic_effect_early.csv for the fair comparison.
random,egg5,spark,251,0,0,0.0151,949,0,0,0.004,0,BIASED by survivorship: later relics only exist in runs that survived long enough. Use relic_effect_early.csv for the fair comparison.
random,egg5,seed,258,0,0,0.0147,942,0,0,0.0041,0,BIASED by survivorship: later relics only exist in runs that survived long enough. Use relic_effect_early.csv for the fair comparison.
random,egg5,thorn,242,0,0,0.0156,958,0,0,0.004,0,BIASED by survivorship: later relics only exist in runs that survived long enough. Use relic_effect_early.csv for the fair comparison.
random,egg5,root,243,0,0,0.0156,957,0,0,0.004,0,BIASED by survivorship: later relics only exist in runs that survived long enough. Use relic_effect_early.csv for the fair comparison.
random,egg6,echo,526,0.0703,0.0515,0.0955,674,0.0178,0.0102,0.0309,0.0525,BIASED by survivorship: later relics only exist in runs that survived long enough. Use relic_effect_early.csv for the fair comparison.
random,egg6,shadow,513,0.0507,0.0348,0.0732,687,0.0335,0.0224,0.0497,0.0172,BIASED by survivorship: later relics only exist in runs that survived long enough. Use relic_effect_early.csv for the fair comparison.
random,egg6,spark,528,0.0682,0.0497,0.0929,672,0.0193,0.0113,0.0328,0.0488,BIASED by survivorship: later relics only exist in runs that survived long enough. Use relic_effect_early.csv for the fair comparison.
random,egg6,seed,511,0.0587,0.0414,0.0826,689,0.0276,0.0177,0.0427,0.0311,BIASED by survivorship: later relics only exist in runs that survived long enough. Use relic_effect_early.csv for the fair comparison.
random,egg6,thorn,512,0.0801,0.0596,0.1068,688,0.0116,0.0059,0.0228,0.0685,BIASED by survivorship: later relics only exist in runs that survived long enough. Use relic_effect_early.csv for the fair comparison.
random,egg6,root,532,0.0846,0.0638,0.1113,668,0.006,0.0023,0.0153,0.0786,BIASED by survivorship: later relics only exist in runs that survived long enough. Use relic_effect_early.csv for the fair comparison.
greedy,ALL,echo,2636,0.2117,0.1965,0.2277,4564,0.0561,0.0498,0.0631,0.1556,BIASED by survivorship: later relics only exist in runs that survived long enough. Use relic_effect_early.csv for the fair comparison.
greedy,ALL,shadow,2640,0.1886,0.1742,0.204,4560,0.0693,0.0623,0.077,0.1193,BIASED by survivorship: later relics only exist in runs that survived long enough. Use relic_effect_early.csv for the fair comparison.
greedy,ALL,spark,2689,0.1908,0.1764,0.2061,4511,0.0667,0.0598,0.0744,0.1241,BIASED by survivorship: later relics only exist in runs that survived long enough. Use relic_effect_early.csv for the fair comparison.
greedy,ALL,seed,2643,0.1994,0.1846,0.2151,4557,0.063,0.0563,0.0704,0.1364,BIASED by survivorship: later relics only exist in runs that survived long enough. Use relic_effect_early.csv for the fair comparison.
greedy,ALL,thorn,2577,0.2181,0.2026,0.2344,4623,0.0545,0.0483,0.0614,0.1636,BIASED by survivorship: later relics only exist in runs that survived long enough. Use relic_effect_early.csv for the fair comparison.
greedy,ALL,root,2748,0.2205,0.2054,0.2364,4452,0.0467,0.0409,0.0533,0.1738,BIASED by survivorship: later relics only exist in runs that survived long enough. Use relic_effect_early.csv for the fair comparison.
greedy,egg1,echo,289,0.0069,0.0019,0.0249,911,0,0,0.0042,0.0069,BIASED by survivorship: later relics only exist in runs that survived long enough. Use relic_effect_early.csv for the fair comparison.
greedy,egg1,shadow,301,0,0,0.0126,899,0.0022,0.0006,0.0081,-0.0022,BIASED by survivorship: later relics only exist in runs that survived long enough. Use relic_effect_early.csv for the fair comparison.
greedy,egg1,spark,313,0.0064,0.0018,0.023,887,0,0,0.0043,0.0064,BIASED by survivorship: later relics only exist in runs that survived long enough. Use relic_effect_early.csv for the fair comparison.
greedy,egg1,seed,280,0.0071,0.002,0.0257,920,0,0,0.0042,0.0071,BIASED by survivorship: later relics only exist in runs that survived long enough. Use relic_effect_early.csv for the fair comparison.
greedy,egg1,thorn,281,0.0071,0.002,0.0256,919,0,0,0.0042,0.0071,BIASED by survivorship: later relics only exist in runs that survived long enough. Use relic_effect_early.csv for the fair comparison.
greedy,egg1,root,294,0.0068,0.0019,0.0245,906,0,0,0.0042,0.0068,BIASED by survivorship: later relics only exist in runs that survived long enough. Use relic_effect_early.csv for the fair comparison.
greedy,egg2,echo,463,0.0173,0.0088,0.0337,737,0,0,0.0052,0.0173,BIASED by survivorship: later relics only exist in runs that survived long enough. Use relic_effect_early.csv for the fair comparison.
greedy,egg2,shadow,474,0.0148,0.0072,0.0302,726,0.0014,0.0002,0.0078,0.0134,BIASED by survivorship: later relics only exist in runs that survived long enough. Use relic_effect_early.csv for the fair comparison.
greedy,egg2,spark,426,0.0117,0.005,0.0272,774,0.0039,0.0013,0.0113,0.0079,BIASED by survivorship: later relics only exist in runs that survived long enough. Use relic_effect_early.csv for the fair comparison.
greedy,egg2,seed,458,0.0153,0.0074,0.0312,742,0.0013,0.0002,0.0076,0.0139,BIASED by survivorship: later relics only exist in runs that survived long enough. Use relic_effect_early.csv for the fair comparison.
greedy,egg2,thorn,392,0.0204,0.0104,0.0397,808,0,0,0.0047,0.0204,BIASED by survivorship: later relics only exist in runs that survived long enough. Use relic_effect_early.csv for the fair comparison.
greedy,egg2,root,507,0.0158,0.008,0.0308,693,0,0,0.0055,0.0158,BIASED by survivorship: later relics only exist in runs that survived long enough. Use relic_effect_early.csv for the fair comparison.
greedy,egg3,echo,689,0.6183,0.5815,0.6538,511,0.4344,0.3921,0.4778,0.1838,BIASED by survivorship: later relics only exist in runs that survived long enough. Use relic_effect_early.csv for the fair comparison.
greedy,egg3,shadow,698,0.5845,0.5476,0.6205,502,0.4781,0.4347,0.5218,0.1064,BIASED by survivorship: later relics only exist in runs that survived long enough. Use relic_effect_early.csv for the fair comparison.
greedy,egg3,spark,715,0.5706,0.5341,0.6064,485,0.4948,0.4506,0.5392,0.0758,BIASED by survivorship: later relics only exist in runs that survived long enough. Use relic_effect_early.csv for the fair comparison.
greedy,egg3,seed,684,0.6038,0.5667,0.6398,516,0.4554,0.4129,0.4986,0.1484,BIASED by survivorship: later relics only exist in runs that survived long enough. Use relic_effect_early.csv for the fair comparison.
greedy,egg3,thorn,690,0.6058,0.5688,0.6416,510,0.451,0.4083,0.4944,0.1548,BIASED by survivorship: later relics only exist in runs that survived long enough. Use relic_effect_early.csv for the fair comparison.
greedy,egg3,root,692,0.6763,0.6405,0.7101,508,0.3543,0.314,0.3969,0.322,BIASED by survivorship: later relics only exist in runs that survived long enough. Use relic_effect_early.csv for the fair comparison.
greedy,egg4,echo,313,0.0192,0.0088,0.0412,887,0.0011,0.0002,0.0064,0.018,BIASED by survivorship: later relics only exist in runs that survived long enough. Use relic_effect_early.csv for the fair comparison.
greedy,egg4,shadow,333,0.006,0.0016,0.0216,867,0.0058,0.0025,0.0134,0.0002,BIASED by survivorship: later relics only exist in runs that survived long enough. Use relic_effect_early.csv for the fair comparison.
greedy,egg4,spark,347,0.0115,0.0045,0.0293,853,0.0035,0.0012,0.0103,0.008,BIASED by survivorship: later relics only exist in runs that survived long enough. Use relic_effect_early.csv for the fair comparison.
greedy,egg4,seed,340,0.0176,0.0081,0.038,860,0.0012,0.0002,0.0066,0.0165,BIASED by survivorship: later relics only exist in runs that survived long enough. Use relic_effect_early.csv for the fair comparison.
greedy,egg4,thorn,322,0.0186,0.0086,0.0401,878,0.0011,0.0002,0.0064,0.0175,BIASED by survivorship: later relics only exist in runs that survived long enough. Use relic_effect_early.csv for the fair comparison.
greedy,egg4,root,376,0.016,0.0073,0.0344,824,0.0012,0.0002,0.0068,0.0147,BIASED by survivorship: later relics only exist in runs that survived long enough. Use relic_effect_early.csv for the fair comparison.
greedy,egg5,echo,313,0.016,0.0068,0.0368,887,0.0034,0.0012,0.0099,0.0126,BIASED by survivorship: later relics only exist in runs that survived long enough. Use relic_effect_early.csv for the fair comparison.
greedy,egg5,shadow,256,0.0078,0.0021,0.028,944,0.0064,0.0029,0.0138,0.0015,BIASED by survivorship: later relics only exist in runs that survived long enough. Use relic_effect_early.csv for the fair comparison.
greedy,egg5,spark,307,0.0195,0.009,0.042,893,0.0022,0.0006,0.0081,0.0173,BIASED by survivorship: later relics only exist in runs that survived long enough. Use relic_effect_early.csv for the fair comparison.
greedy,egg5,seed,299,0.0134,0.0052,0.0339,901,0.0044,0.0017,0.0114,0.0089,BIASED by survivorship: later relics only exist in runs that survived long enough. Use relic_effect_early.csv for the fair comparison.
greedy,egg5,thorn,308,0.0227,0.0111,0.0462,892,0.0011,0.0002,0.0063,0.0216,BIASED by survivorship: later relics only exist in runs that survived long enough. Use relic_effect_early.csv for the fair comparison.
greedy,egg5,root,303,0.0231,0.0112,0.0469,897,0.0011,0.0002,0.0063,0.022,BIASED by survivorship: later relics only exist in runs that survived long enough. Use relic_effect_early.csv for the fair comparison.
greedy,egg6,echo,569,0.1951,0.1646,0.2296,631,0.0475,0.0335,0.0671,0.1475,BIASED by survivorship: later relics only exist in runs that survived long enough. Use relic_effect_early.csv for the fair comparison.
greedy,egg6,shadow,578,0.1367,0.1111,0.1671,622,0.0997,0.0785,0.1257,0.037,BIASED by survivorship: later relics only exist in runs that survived long enough. Use relic_effect_early.csv for the fair comparison.
greedy,egg6,spark,581,0.1515,0.1246,0.1829,619,0.0856,0.0661,0.1103,0.0658,BIASED by survivorship: later relics only exist in runs that survived long enough. Use relic_effect_early.csv for the fair comparison.
greedy,egg6,seed,582,0.1632,0.1354,0.1954,618,0.0744,0.0563,0.0979,0.0888,BIASED by survivorship: later relics only exist in runs that survived long enough. Use relic_effect_early.csv for the fair comparison.
greedy,egg6,thorn,584,0.2072,0.1763,0.2419,616,0.0325,0.0211,0.0496,0.1747,BIASED by survivorship: later relics only exist in runs that survived long enough. Use relic_effect_early.csv for the fair comparison.
greedy,egg6,root,576,0.1997,0.169,0.2342,624,0.0417,0.0286,0.0604,0.158,BIASED by survivorship: later relics only exist in runs that survived long enough. Use relic_effect_early.csv for the fair comparison.
greedy-egg,ALL,echo,2270,0.3797,0.36,0.3999,4930,0.0937,0.0859,0.1022,0.286,BIASED by survivorship: later relics only exist in runs that survived long enough. Use relic_effect_early.csv for the fair comparison.
greedy-egg,ALL,shadow,2292,0.3586,0.3393,0.3785,4908,0.1023,0.0941,0.1111,0.2564,BIASED by survivorship: later relics only exist in runs that survived long enough. Use relic_effect_early.csv for the fair comparison.
greedy-egg,ALL,spark,2329,0.3521,0.3329,0.3717,4871,0.1035,0.0952,0.1123,0.2486,BIASED by survivorship: later relics only exist in runs that survived long enough. Use relic_effect_early.csv for the fair comparison.
greedy-egg,ALL,seed,2370,0.3608,0.3417,0.3803,4830,0.0971,0.0891,0.1058,0.2637,BIASED by survivorship: later relics only exist in runs that survived long enough. Use relic_effect_early.csv for the fair comparison.
greedy-egg,ALL,thorn,2217,0.3951,0.375,0.4156,4983,0.0899,0.0823,0.0982,0.3052,BIASED by survivorship: later relics only exist in runs that survived long enough. Use relic_effect_early.csv for the fair comparison.
greedy-egg,ALL,root,2295,0.4135,0.3935,0.4338,4905,0.0765,0.0693,0.0842,0.3371,BIASED by survivorship: later relics only exist in runs that survived long enough. Use relic_effect_early.csv for the fair comparison.
greedy-egg,egg1,echo,136,0,0,0.0275,1064,0,0,0.0036,0,BIASED by survivorship: later relics only exist in runs that survived long enough. Use relic_effect_early.csv for the fair comparison.
greedy-egg,egg1,shadow,138,0,0,0.0271,1062,0,0,0.0036,0,BIASED by survivorship: later relics only exist in runs that survived long enough. Use relic_effect_early.csv for the fair comparison.
greedy-egg,egg1,spark,161,0,0,0.0233,1039,0,0,0.0037,0,BIASED by survivorship: later relics only exist in runs that survived long enough. Use relic_effect_early.csv for the fair comparison.
greedy-egg,egg1,seed,156,0,0,0.024,1044,0,0,0.0037,0,BIASED by survivorship: later relics only exist in runs that survived long enough. Use relic_effect_early.csv for the fair comparison.
greedy-egg,egg1,thorn,134,0,0,0.0279,1066,0,0,0.0036,0,BIASED by survivorship: later relics only exist in runs that survived long enough. Use relic_effect_early.csv for the fair comparison.
greedy-egg,egg1,root,135,0,0,0.0277,1065,0,0,0.0036,0,BIASED by survivorship: later relics only exist in runs that survived long enough. Use relic_effect_early.csv for the fair comparison.
greedy-egg,egg2,echo,363,0.0083,0.0028,0.024,837,0.0024,0.0007,0.0087,0.0059,BIASED by survivorship: later relics only exist in runs that survived long enough. Use relic_effect_early.csv for the fair comparison.
greedy-egg,egg2,shadow,399,0.0025,0.0004,0.0141,801,0.005,0.0019,0.0128,-0.0025,BIASED by survivorship: later relics only exist in runs that survived long enough. Use relic_effect_early.csv for the fair comparison.
greedy-egg,egg2,spark,362,0.0138,0.0059,0.0319,838,0,0,0.0046,0.0138,BIASED by survivorship: later relics only exist in runs that survived long enough. Use relic_effect_early.csv for the fair comparison.
greedy-egg,egg2,seed,414,0.0072,0.0025,0.0211,786,0.0025,0.0007,0.0092,0.0047,BIASED by survivorship: later relics only exist in runs that survived long enough. Use relic_effect_early.csv for the fair comparison.
greedy-egg,egg2,thorn,324,0.0154,0.0066,0.0356,876,0,0,0.0044,0.0154,BIASED by survivorship: later relics only exist in runs that survived long enough. Use relic_effect_early.csv for the fair comparison.
greedy-egg,egg2,root,394,0.0127,0.0054,0.0294,806,0,0,0.0047,0.0127,BIASED by survivorship: later relics only exist in runs that survived long enough. Use relic_effect_early.csv for the fair comparison.
greedy-egg,egg3,echo,745,0.8725,0.8466,0.8945,455,0.8396,0.803,0.8704,0.0329,BIASED by survivorship: later relics only exist in runs that survived long enough. Use relic_effect_early.csv for the fair comparison.
greedy-egg,egg3,shadow,715,0.9021,0.8781,0.9218,485,0.7979,0.7599,0.8313,0.1042,BIASED by survivorship: later relics only exist in runs that survived long enough. Use relic_effect_early.csv for the fair comparison.
greedy-egg,egg3,spark,737,0.863,0.8362,0.8859,463,0.8553,0.8203,0.8844,0.0077,BIASED by survivorship: later relics only exist in runs that survived long enough. Use relic_effect_early.csv for the fair comparison.
greedy-egg,egg3,seed,754,0.8767,0.8513,0.8982,446,0.8318,0.7943,0.8637,0.0448,BIASED by survivorship: later relics only exist in runs that survived long enough. Use relic_effect_early.csv for the fair comparison.
greedy-egg,egg3,thorn,735,0.8748,0.8489,0.8968,465,0.8366,0.8002,0.8674,0.0383,BIASED by survivorship: later relics only exist in runs that survived long enough. Use relic_effect_early.csv for the fair comparison.
greedy-egg,egg3,root,739,0.9459,0.9271,0.96,461,0.7223,0.6798,0.7613,0.2235,BIASED by survivorship: later relics only exist in runs that survived long enough. Use relic_effect_early.csv for the fair comparison.
greedy-egg,egg4,echo,196,0,0,0.0192,1004,0,0,0.0038,0,BIASED by survivorship: later relics only exist in runs that survived long enough. Use relic_effect_early.csv for the fair comparison.
greedy-egg,egg4,shadow,208,0,0,0.0181,992,0,0,0.0039,0,BIASED by survivorship: later relics only exist in runs that survived long enough. Use relic_effect_early.csv for the fair comparison.
greedy-egg,egg4,spark,213,0,0,0.0177,987,0,0,0.0039,0,BIASED by survivorship: later relics only exist in runs that survived long enough. Use relic_effect_early.csv for the fair comparison.
greedy-egg,egg4,seed,220,0,0,0.0172,980,0,0,0.0039,0,BIASED by survivorship: later relics only exist in runs that survived long enough. Use relic_effect_early.csv for the fair comparison.
greedy-egg,egg4,thorn,182,0,0,0.0207,1018,0,0,0.0038,0,BIASED by survivorship: later relics only exist in runs that survived long enough. Use relic_effect_early.csv for the fair comparison.
greedy-egg,egg4,root,227,0,0,0.0166,973,0,0,0.0039,0,BIASED by survivorship: later relics only exist in runs that survived long enough. Use relic_effect_early.csv for the fair comparison.
greedy-egg,egg5,echo,219,0.0137,0.0047,0.0395,981,0.001,0.0002,0.0058,0.0127,BIASED by survivorship: later relics only exist in runs that survived long enough. Use relic_effect_early.csv for the fair comparison.
greedy-egg,egg5,shadow,208,0.0192,0.0075,0.0484,992,0,0,0.0039,0.0192,BIASED by survivorship: later relics only exist in runs that survived long enough. Use relic_effect_early.csv for the fair comparison.
greedy-egg,egg5,spark,243,0.0165,0.0064,0.0416,957,0,0,0.004,0.0165,BIASED by survivorship: later relics only exist in runs that survived long enough. Use relic_effect_early.csv for the fair comparison.
greedy-egg,egg5,seed,207,0.0097,0.0027,0.0345,993,0.002,0.0006,0.0073,0.0076,BIASED by survivorship: later relics only exist in runs that survived long enough. Use relic_effect_early.csv for the fair comparison.
greedy-egg,egg5,thorn,211,0.019,0.0074,0.0477,989,0,0,0.0039,0.019,BIASED by survivorship: later relics only exist in runs that survived long enough. Use relic_effect_early.csv for the fair comparison.
greedy-egg,egg5,root,179,0.0223,0.0087,0.056,1021,0,0,0.0037,0.0223,BIASED by survivorship: later relics only exist in runs that survived long enough. Use relic_effect_early.csv for the fair comparison.
greedy-egg,egg6,echo,611,0.3372,0.3008,0.3756,589,0.1307,0.1059,0.1604,0.2064,BIASED by survivorship: later relics only exist in runs that survived long enough. Use relic_effect_early.csv for the fair comparison.
greedy-egg,egg6,shadow,624,0.2756,0.242,0.312,576,0.1927,0.1626,0.2269,0.0829,BIASED by survivorship: later relics only exist in runs that survived long enough. Use relic_effect_early.csv for the fair comparison.
greedy-egg,egg6,spark,613,0.2855,0.2511,0.3225,587,0.184,0.1547,0.2174,0.1015,BIASED by survivorship: later relics only exist in runs that survived long enough. Use relic_effect_early.csv for the fair comparison.
greedy-egg,egg6,seed,619,0.3053,0.2703,0.3427,581,0.1618,0.1341,0.1939,0.1435,BIASED by survivorship: later relics only exist in runs that survived long enough. Use relic_effect_early.csv for the fair comparison.
greedy-egg,egg6,thorn,631,0.355,0.3186,0.3931,569,0.1037,0.0812,0.1315,0.2513,BIASED by survivorship: later relics only exist in runs that survived long enough. Use relic_effect_early.csv for the fair comparison.
greedy-egg,egg6,root,621,0.3881,0.3506,0.427,579,0.0725,0.0541,0.0966,0.3155,BIASED by survivorship: later relics only exist in runs that survived long enough. Use relic_effect_early.csv for the fair comparison.
ALL,ALL,echo,7158,0.2548,0.2449,0.265,14442,0.062,0.0582,0.066,0.1928,BIASED by survivorship: later relics only exist in runs that survived long enough. Use relic_effect_early.csv for the fair comparison.
ALL,ALL,shadow,7202,0.2327,0.2231,0.2426,14398,0.0724,0.0683,0.0768,0.1603,BIASED by survivorship: later relics only exist in runs that survived long enough. Use relic_effect_early.csv for the fair comparison.
ALL,ALL,spark,7308,0.2326,0.2231,0.2424,14292,0.0713,0.0672,0.0756,0.1613,BIASED by survivorship: later relics only exist in runs that survived long enough. Use relic_effect_early.csv for the fair comparison.
ALL,ALL,seed,7331,0.2402,0.2306,0.2501,14269,0.0671,0.0631,0.0714,0.1731,BIASED by survivorship: later relics only exist in runs that survived long enough. Use relic_effect_early.csv for the fair comparison.
ALL,ALL,thorn,7068,0.2572,0.2472,0.2675,14532,0.062,0.0582,0.066,0.1952,BIASED by survivorship: later relics only exist in runs that survived long enough. Use relic_effect_early.csv for the fair comparison.
ALL,ALL,root,7297,0.2733,0.2632,0.2836,14303,0.0507,0.0472,0.0544,0.2226,BIASED by survivorship: later relics only exist in runs that survived long enough. Use relic_effect_early.csv for the fair comparison.
ALL,egg1,echo,659,0.0046,0.0015,0.0133,2941,0,0,0.0013,0.0046,BIASED by survivorship: later relics only exist in runs that survived long enough. Use relic_effect_early.csv for the fair comparison.
ALL,egg1,shadow,678,0.0015,0.0003,0.0083,2922,0.0007,0.0002,0.0025,0.0008,BIASED by survivorship: later relics only exist in runs that survived long enough. Use relic_effect_early.csv for the fair comparison.
ALL,egg1,spark,708,0.0042,0.0014,0.0124,2892,0,0,0.0013,0.0042,BIASED by survivorship: later relics only exist in runs that survived long enough. Use relic_effect_early.csv for the fair comparison.
ALL,egg1,seed,689,0.0044,0.0015,0.0127,2911,0,0,0.0013,0.0044,BIASED by survivorship: later relics only exist in runs that survived long enough. Use relic_effect_early.csv for the fair comparison.
ALL,egg1,thorn,655,0.0031,0.0008,0.0111,2945,0.0003,0.0001,0.0019,0.0027,BIASED by survivorship: later relics only exist in runs that survived long enough. Use relic_effect_early.csv for the fair comparison.
ALL,egg1,root,635,0.0047,0.0016,0.0138,2965,0,0,0.0013,0.0047,BIASED by survivorship: later relics only exist in runs that survived long enough. Use relic_effect_early.csv for the fair comparison.
ALL,egg2,echo,1171,0.0111,0.0065,0.0189,2429,0.0008,0.0002,0.003,0.0103,BIASED by survivorship: later relics only exist in runs that survived long enough. Use relic_effect_early.csv for the fair comparison.
ALL,egg2,shadow,1228,0.0073,0.0039,0.0139,2372,0.0025,0.0012,0.0055,0.0048,BIASED by survivorship: later relics only exist in runs that survived long enough. Use relic_effect_early.csv for the fair comparison.
ALL,egg2,spark,1167,0.0094,0.0053,0.0168,2433,0.0016,0.0006,0.0042,0.0078,BIASED by survivorship: later relics only exist in runs that survived long enough. Use relic_effect_early.csv for the fair comparison.
ALL,egg2,seed,1262,0.0087,0.0049,0.0155,2338,0.0017,0.0007,0.0044,0.007,BIASED by survivorship: later relics only exist in runs that survived long enough. Use relic_effect_early.csv for the fair comparison.
ALL,egg2,thorn,1077,0.0139,0.0085,0.0229,2523,0,0,0.0015,0.0139,BIASED by survivorship: later relics only exist in runs that survived long enough. Use relic_effect_early.csv for the fair comparison.
ALL,egg2,root,1265,0.0119,0.0072,0.0195,2335,0,0,0.0016,0.0119,BIASED by survivorship: later relics only exist in runs that survived long enough. Use relic_effect_early.csv for the fair comparison.
ALL,egg3,echo,2097,0.6857,0.6655,0.7053,1503,0.5116,0.4864,0.5369,0.1741,BIASED by survivorship: later relics only exist in runs that survived long enough. Use relic_effect_early.csv for the fair comparison.
ALL,egg3,shadow,2089,0.6611,0.6405,0.6811,1511,0.5467,0.5215,0.5716,0.1144,BIASED by survivorship: later relics only exist in runs that survived long enough. Use relic_effect_early.csv for the fair comparison.
ALL,egg3,spark,2111,0.6499,0.6293,0.67,1489,0.5608,0.5354,0.5858,0.0891,BIASED by survivorship: later relics only exist in runs that survived long enough. Use relic_effect_early.csv for the fair comparison.
ALL,egg3,seed,2125,0.6682,0.6479,0.6879,1475,0.5336,0.508,0.5589,0.1347,BIASED by survivorship: later relics only exist in runs that survived long enough. Use relic_effect_early.csv for the fair comparison.
ALL,egg3,thorn,2089,0.6683,0.6478,0.6881,1511,0.5367,0.5115,0.5617,0.1315,BIASED by survivorship: later relics only exist in runs that survived long enough. Use relic_effect_early.csv for the fair comparison.
ALL,egg3,root,2108,0.7381,0.719,0.7565,1492,0.4363,0.4114,0.4616,0.3018,BIASED by survivorship: later relics only exist in runs that survived long enough. Use relic_effect_early.csv for the fair comparison.
ALL,egg4,echo,755,0.0106,0.0054,0.0208,2845,0.0004,0.0001,0.002,0.0102,BIASED by survivorship: later relics only exist in runs that survived long enough. Use relic_effect_early.csv for the fair comparison.
ALL,egg4,shadow,790,0.0025,0.0007,0.0092,2810,0.0025,0.0012,0.0051,0,BIASED by survivorship: later relics only exist in runs that survived long enough. Use relic_effect_early.csv for the fair comparison.
ALL,egg4,spark,799,0.0063,0.0027,0.0146,2801,0.0014,0.0006,0.0037,0.0048,BIASED by survivorship: later relics only exist in runs that survived long enough. Use relic_effect_early.csv for the fair comparison.
ALL,egg4,seed,779,0.009,0.0044,0.0184,2821,0.0007,0.0002,0.0026,0.0083,BIASED by survivorship: later relics only exist in runs that survived long enough. Use relic_effect_early.csv for the fair comparison.
ALL,egg4,thorn,759,0.0105,0.0054,0.0207,2841,0.0004,0.0001,0.002,0.0102,BIASED by survivorship: later relics only exist in runs that survived long enough. Use relic_effect_early.csv for the fair comparison.
ALL,egg4,root,835,0.0096,0.0049,0.0188,2765,0.0004,0.0001,0.002,0.0092,BIASED by survivorship: later relics only exist in runs that survived long enough. Use relic_effect_early.csv for the fair comparison.
ALL,egg5,echo,770,0.0104,0.0053,0.0204,2830,0.0014,0.0005,0.0036,0.009,BIASED by survivorship: later relics only exist in runs that survived long enough. Use relic_effect_early.csv for the fair comparison.
ALL,egg5,shadow,702,0.0085,0.0039,0.0185,2898,0.0021,0.0009,0.0045,0.0065,BIASED by survivorship: later relics only exist in runs that survived long enough. Use relic_effect_early.csv for the fair comparison.
ALL,egg5,spark,801,0.0125,0.0068,0.0228,2799,0.0007,0.0002,0.0026,0.0118,BIASED by survivorship: later relics only exist in runs that survived long enough. Use relic_effect_early.csv for the fair comparison.
ALL,egg5,seed,764,0.0079,0.0036,0.017,2836,0.0021,0.001,0.0046,0.0057,BIASED by survivorship: later relics only exist in runs that survived long enough. Use relic_effect_early.csv for the fair comparison.
ALL,egg5,thorn,761,0.0145,0.0081,0.0257,2839,0.0004,0.0001,0.002,0.0141,BIASED by survivorship: later relics only exist in runs that survived long enough. Use relic_effect_early.csv for the fair comparison.
ALL,egg5,root,725,0.0152,0.0085,0.027,2875,0.0003,0.0001,0.002,0.0148,BIASED by survivorship: later relics only exist in runs that survived long enough. Use relic_effect_early.csv for the fair comparison.
ALL,egg6,echo,1706,0.2075,0.1889,0.2274,1894,0.0628,0.0528,0.0747,0.1447,BIASED by survivorship: later relics only exist in runs that survived long enough. Use relic_effect_early.csv for the fair comparison.
ALL,egg6,shadow,1715,0.1615,0.1449,0.1797,1885,0.104,0.091,0.1186,0.0575,BIASED by survivorship: later relics only exist in runs that survived long enough. Use relic_effect_early.csv for the fair comparison.
ALL,egg6,spark,1722,0.1736,0.1565,0.1922,1878,0.0927,0.0804,0.1066,0.081,BIASED by survivorship: later relics only exist in runs that survived long enough. Use relic_effect_early.csv for the fair comparison.
ALL,egg6,seed,1712,0.1834,0.1658,0.2024,1888,0.0842,0.0725,0.0976,0.0992,BIASED by survivorship: later relics only exist in runs that survived long enough. Use relic_effect_early.csv for the fair comparison.
ALL,egg6,thorn,1727,0.2235,0.2045,0.2438,1873,0.0464,0.0378,0.0569,0.1771,BIASED by survivorship: later relics only exist in runs that survived long enough. Use relic_effect_early.csv for the fair comparison.
ALL,egg6,root,1729,0.2319,0.2126,0.2524,1871,0.0385,0.0307,0.0482,0.1934,BIASED by survivorship: later relics only exist in runs that survived long enough. Use relic_effect_early.csv for the fair comparison.
