egg,egg_name,rarity,policy,stage4_win_rate,stage4_lo,stage4_hi,control_win_rate,control_lo,control_hi,stage4_swipes_median,control_swipes_median,stage4_stat_note
egg1,เพลิง,Common,random,0.0008,0.0001,0.0047,0,0,0.0188,58,35,"stage4 = avg of 6 forms with egg avg stats; control = stage 1-3 fallback stats 50, no Auto"
egg1,เพลิง,Common,greedy,0.0017,0.0005,0.0061,0,0,0.0188,66,40.5,"stage4 = avg of 6 forms with egg avg stats; control = stage 1-3 fallback stats 50, no Auto"
egg1,เพลิง,Common,greedy-egg,0,0,0.0032,0,0,0.0188,35,25.5,"stage4 = avg of 6 forms with egg avg stats; control = stage 1-3 fallback stats 50, no Auto"
egg2,พฤกษ์,Common,random,0.0017,0.0005,0.0061,0,0,0.0188,215,120.5,"stage4 = avg of 6 forms with egg avg stats; control = stage 1-3 fallback stats 50, no Auto"
egg2,พฤกษ์,Common,greedy,0.0067,0.0034,0.0131,0,0,0.0188,247.5,157.5,"stage4 = avg of 6 forms with egg avg stats; control = stage 1-3 fallback stats 50, no Auto"
egg2,พฤกษ์,Common,greedy-egg,0.0042,0.0018,0.0097,0,0,0.0188,537.5,397,"stage4 = avg of 6 forms with egg avg stats; control = stage 1-3 fallback stats 50, no Auto"
egg3,เทพ,Legendary,random,0.4392,0.4113,0.4674,0,0,0.0188,128.5,102,"stage4 = avg of 6 forms with egg avg stats; control = stage 1-3 fallback stats 50, no Auto"
egg3,เทพ,Legendary,greedy,0.54,0.5117,0.568,0.02,0.0078,0.0503,131,114,"stage4 = avg of 6 forms with egg avg stats; control = stage 1-3 fallback stats 50, no Auto"
egg3,เทพ,Legendary,greedy-egg,0.86,0.8392,0.8785,0.47,0.402,0.5391,108,136,"stage4 = avg of 6 forms with egg avg stats; control = stage 1-3 fallback stats 50, no Auto"
egg4,ธาร,Rare,random,0.0017,0.0005,0.0061,0,0,0.0188,142,95,"stage4 = avg of 6 forms with egg avg stats; control = stage 1-3 fallback stats 50, no Auto"
egg4,ธาร,Rare,greedy,0.0058,0.0028,0.012,0,0,0.0188,174.5,130.5,"stage4 = avg of 6 forms with egg avg stats; control = stage 1-3 fallback stats 50, no Auto"
egg4,ธาร,Rare,greedy-egg,0,0,0.0032,0,0,0.0188,239,140.5,"stage4 = avg of 6 forms with egg avg stats; control = stage 1-3 fallback stats 50, no Auto"
egg5,นภา,Epic,random,0,0,0.0032,0,0,0.0188,46,34.5,"stage4 = avg of 6 forms with egg avg stats; control = stage 1-3 fallback stats 50, no Auto"
egg5,นภา,Epic,greedy,0.0067,0.0034,0.0131,0,0,0.0188,53,38,"stage4 = avg of 6 forms with egg avg stats; control = stage 1-3 fallback stats 50, no Auto"
egg5,นภา,Epic,greedy-egg,0.0033,0.0013,0.0085,0,0,0.0188,33,25,"stage4 = avg of 6 forms with egg avg stats; control = stage 1-3 fallback stats 50, no Auto"
egg6,ธรา,Epic,random,0.0408,0.031,0.0536,0,0,0.0188,150,74,"stage4 = avg of 6 forms with egg avg stats; control = stage 1-3 fallback stats 50, no Auto"
egg6,ธรา,Epic,greedy,0.1175,0.1005,0.137,0,0,0.0188,163,90,"stage4 = avg of 6 forms with egg avg stats; control = stage 1-3 fallback stats 50, no Auto"
egg6,ธรา,Epic,greedy-egg,0.2358,0.2127,0.2607,0,0,0.0188,137,78,"stage4 = avg of 6 forms with egg avg stats; control = stage 1-3 fallback stats 50, no Auto"
