form_id,group,egg,egg_name,rarity,lane,personality,skill_name,policy,n_runs,win_rate,win_rate_lo,win_rate_hi,win_rate_k,lose_final_r1,lose_final_r2,lose_final_r3,lose_final_r4,lose_final_r5,lose_final_r6,lose_final_r7,lose_final_r8,first_death_r1,first_death_r2,first_death_r3,first_death_r4,first_death_r5,first_death_r6,first_death_r7,first_death_r8,revive_used_rate,revive_success_given_used,swipes_n,swipes_mean,swipes_ci_lo,swipes_ci_hi,swipes_min,swipes_p10,swipes_median,swipes_p90,swipes_max,swipes_win_n,swipes_win_mean,swipes_win_ci_lo,swipes_win_ci_hi,swipes_win_min,swipes_win_p10,swipes_win_median,swipes_win_p90,swipes_win_max,min_lo_n,min_lo_mean,min_lo_ci_lo,min_lo_ci_hi,min_lo_min,min_lo_p10,min_lo_median,min_lo_p90,min_lo_max,min_hi_n,min_hi_mean,min_hi_ci_lo,min_hi_ci_hi,min_hi_min,min_hi_p10,min_hi_median,min_hi_p90,min_hi_max,min_lo_win_n,min_lo_win_mean,min_lo_win_ci_lo,min_lo_win_ci_hi,min_lo_win_min,min_lo_win_p10,min_lo_win_median,min_lo_win_p90,min_lo_win_max,min_hi_win_n,min_hi_win_mean,min_hi_win_ci_lo,min_hi_win_ci_hi,min_hi_win_min,min_hi_win_p10,min_hi_win_median,min_hi_win_p90,min_hi_win_max,min_target_hit_win_rate,swipes_median_r1,swipes_median_r2,swipes_median_r3,swipes_median_r4,swipes_median_r5,swipes_median_r6,swipes_median_r7,swipes_median_r8,jam_run_rate,jam_events_per_run,jam_swipe_frac,jam_hp_lost_mean,enemy_hp_lost_mean,jam_share_of_hp_loss,casts_n,casts_mean,casts_ci_lo,casts_ci_hi,casts_min,casts_p10,casts_median,casts_p90,casts_max,casts_per_100_swipes,skill_dmg_mean,ord_dmg_mean,skill_armor_mean,ord_armor_mean,skill_heal_mean,ord_heal_mean,armor_blocked_mean,skill_dmg_share,skill_armor_share,skill_heal_share,stag_reached_rate,stag_win_given_reached,stag_hp_left_frac_at_loss_n,stag_hp_left_frac_at_loss_mean,stag_hp_left_frac_at_loss_ci_lo,stag_hp_left_frac_at_loss_ci_hi,stag_hp_left_frac_at_loss_min,stag_hp_left_frac_at_loss_p10,stag_hp_left_frac_at_loss_median,stag_hp_left_frac_at_loss_p90,stag_hp_left_frac_at_loss_max,stag_runs,roots_applied_per_stag_run,root_hits_per_stag_run,roots_released_per_stag_run,root_release_ratio
egg1-balanced-A,stage4,egg1,เพลิง,Common,balanced,A,คำรามราชัน,greedy-egg,200,0,0,0.0188,0,0.025,0.775,0.18,0.02,0,0,0,0,0.03,0.93,0.03,0.01,0,0,0,0,1,0.395,200,27.645,26.5045,28.7855,16,19,25.5,37.1,60,0,NaN,NaN,NaN,NaN,NaN,NaN,NaN,NaN,200,0.8578,0.8293,0.8863,0.5667,0.6417,0.8042,1.0942,1.6667,200,1.3185,1.271,1.3661,0.8333,0.9583,1.2292,1.7125,2.6667,0,NaN,NaN,NaN,NaN,NaN,NaN,NaN,NaN,0,NaN,NaN,NaN,NaN,NaN,NaN,NaN,NaN,NaN,16,9,6,7.5,NaN,NaN,NaN,NaN,0,0,0,0,162.84,0,200,5.115,4.8858,5.3442,3,3,5,7,11,18.5024,18.61,113.095,0,28.075,0,30,23.09,0.1413,0,0,0,NaN,0,NaN,NaN,NaN,NaN,NaN,NaN,NaN,NaN,0,NaN,NaN,NaN,0
egg1-balanced-A,stage4,egg1,เพลิง,Common,balanced,A,คำรามราชัน,greedy,200,0,0,0.0188,0,0.01,0.585,0.2,0.165,0.01,0,0.005,0.025,0.015,0.72,0.125,0.115,0,0,0.005,0.02,1,0.3,200,51.895,47.1413,56.6487,17,22,41,99.1,212,0,NaN,NaN,NaN,NaN,NaN,NaN,NaN,NaN,200,1.4757,1.352,1.5994,0.5917,0.7167,1.1917,2.6917,5.8,200,2.3406,2.1378,2.5434,0.875,1.0833,1.875,4.375,9.3333,0,NaN,NaN,NaN,NaN,NaN,NaN,NaN,NaN,0,NaN,NaN,NaN,NaN,NaN,NaN,NaN,NaN,NaN,22,16,17,12,7,18.5,17.5,12,0.035,0.065,0.0013,1.755,276.575,0.0063,200,9.96,9.0067,10.9133,3,4,8,19,42,19.1926,36.485,151.175,0,159.18,0,148.85,89.75,0.1944,0,0,0.025,0,5,0.907,0.8027,1.0113,0.7192,0.7748,0.9708,0.994,0.9967,5,10,14,9.6,0.96
egg1-balanced-A,stage4,egg1,เพลิง,Common,balanced,A,คำรามราชัน,random,200,0,0,0.0188,0,0.055,0.69,0.12,0.125,0,0,0.005,0.005,0.08,0.75,0.085,0.08,0,0,0,0.005,1,0.31,200,44.53,40.6415,48.4185,16,22,34,89,154,0,NaN,NaN,NaN,NaN,NaN,NaN,NaN,NaN,200,1.2833,1.1847,1.3818,0.5667,0.7167,1.0167,2.3917,4.05,200,2.0254,1.8621,2.1887,0.8333,1.0833,1.5833,3.875,6.5833,0,NaN,NaN,NaN,NaN,NaN,NaN,NaN,NaN,0,NaN,NaN,NaN,NaN,NaN,NaN,NaN,NaN,NaN,22,12,14,12,NaN,NaN,7.5,9,0.02,0.02,0.0004,0.39,240.545,0.0016,200,8.495,7.7105,9.2795,3,4,6,17.1,30,19.077,31.165,120.925,0,121.975,0,111.075,69.77,0.2049,0,0,0.005,0,1,0.9892,0.9892,0.9892,0.9892,0.9892,0.9892,0.9892,0.9892,1,2,4,2,1
egg1-balanced-B,stage4,egg1,เพลิง,Common,balanced,B,เกราะสุริยัน,greedy-egg,200,0,0,0.0188,0,0,0.065,0.315,0.505,0.025,0.015,0.005,0.07,0,0.075,0.415,0.455,0.015,0,0.005,0.035,1,0.33,200,54.515,51.8751,57.1549,23,33,53,78,129,0,NaN,NaN,NaN,NaN,NaN,NaN,NaN,NaN,200,1.5595,1.4844,1.6347,0.7417,0.9917,1.4917,2.1942,3.6,200,2.4681,2.3494,2.5869,1.125,1.5417,2.375,3.5458,5.7083,0,NaN,NaN,NaN,NaN,NaN,NaN,NaN,NaN,0,NaN,NaN,NaN,NaN,NaN,NaN,NaN,NaN,NaN,16,16.5,13,9,4.5,10,16,10.5,0,0,0,0,190.635,0,200,10.305,9.7585,10.8515,4,6,10,15,26,18.9031,50.73,270.095,206.1,59.3,0,56.555,192.555,0.1581,0.7766,0,0.07,0,14,0.8872,0.8374,0.937,0.67,0.7689,0.9092,0.9758,1,14,5.2857,7.0714,4.2143,0.7973
egg1-balanced-B,stage4,egg1,เพลิง,Common,balanced,B,เกราะสุริยัน,greedy,200,0,0,0.0188,0,0,0.005,0.085,0.335,0.01,0.02,0.01,0.535,0,0.025,0.11,0.39,0.03,0.03,0.005,0.41,1,0.385,200,119.24,111.1616,127.3184,28,54.8,113,190.3,366,0,NaN,NaN,NaN,NaN,NaN,NaN,NaN,NaN,200,3.3168,3.1001,3.5336,0.8667,1.5367,3.2458,5.3283,9.65,200,5.3042,4.9532,5.6552,1.3333,2.45,5.125,8.5458,15.75,0,NaN,NaN,NaN,NaN,NaN,NaN,NaN,NaN,0,NaN,NaN,NaN,NaN,NaN,NaN,NaN,NaN,NaN,21,23,18,27,18.5,17,17,24,0.26,0.555,0.0047,14.145,410.335,0.0333,200,23.67,21.9915,25.3485,5,10,22.5,39,72,19.8507,124.115,488.37,473.4,489.795,0,280.925,563.04,0.2026,0.4915,0,0.535,0,107,0.7864,0.7467,0.8261,0.0392,0.5407,0.8517,0.9815,1,107,19.9252,25.2523,19.486,0.978
egg1-balanced-B,stage4,egg1,เพลิง,Common,balanced,B,เกราะสุริยัน,random,200,0.005,0.0009,0.0278,1,0,0.04,0.065,0.42,0.035,0.025,0.01,0.4,0,0.065,0.095,0.495,0.035,0.015,0.005,0.285,0.995,0.3568,200,113.805,106.3074,121.3026,23,55,104.5,187.2,331,1,218,218,218,218,218,218,218,218,200,3.1401,2.9391,3.3412,0.7417,1.5417,2.8583,5.13,8.6083,200,5.0369,4.7113,5.3625,1.125,2.4583,4.5833,8.2167,14.125,1,5.7833,5.7833,5.7833,5.7833,5.7833,5.7833,5.7833,5.7833,1,9.4167,9.4167,9.4167,9.4167,9.4167,9.4167,9.4167,9.4167,0,22,26,19,26,19,20,16,23,0.33,0.745,0.0065,18.845,385.13,0.0466,200,22.48,20.9232,24.0368,4,10,20,38,68,19.7531,116.59,401.36,449.6,394.17,0,266.945,510.425,0.2251,0.5328,0,0.405,0.0123,80,0.8538,0.8285,0.8791,0.5042,0.6966,0.8896,0.9776,1,81,15.7778,21.8395,15.4074,0.9765
egg1-control,control_stage1-3,egg1,เพลิง,Common,balanced,A,,greedy-egg,200,0,0,0.0188,0,0.295,0.69,0.015,0,0,0,0,0,0.435,0.555,0.01,0,0,0,0,0,1,0.335,200,23.345,22.4525,24.2375,14,16,22,31,56,0,NaN,NaN,NaN,NaN,NaN,NaN,NaN,NaN,200,0.7503,0.728,0.7726,0.5167,0.5667,0.7167,0.9417,1.5667,200,1.1394,1.1022,1.1766,0.75,0.8333,1.0833,1.4583,2.5,0,NaN,NaN,NaN,NaN,NaN,NaN,NaN,NaN,0,NaN,NaN,NaN,NaN,NaN,NaN,NaN,NaN,NaN,18,6,4,NaN,NaN,NaN,NaN,NaN,0,0,0,0,141.56,0,200,0,0,0,0,0,0,0,0,0,0,93.2,0,24.365,0,22.595,19.65,0,0,0,0,NaN,0,NaN,NaN,NaN,NaN,NaN,NaN,NaN,NaN,0,NaN,NaN,NaN,0
egg1-control,control_stage1-3,egg1,เพลิง,Common,balanced,A,,greedy,200,0,0,0.0188,0,0.18,0.615,0.11,0.095,0,0,0,0,0.27,0.62,0.05,0.06,0,0,0,0,1,0.41,200,45.76,41.2125,50.3075,14,21.9,33.5,90.1,185,0,NaN,NaN,NaN,NaN,NaN,NaN,NaN,NaN,200,1.3107,1.197,1.4244,0.5167,0.7142,1.0042,2.4192,4.7917,200,2.0733,1.8839,2.2628,0.75,1.0792,1.5625,3.9208,7.875,0,NaN,NaN,NaN,NaN,NaN,NaN,NaN,NaN,0,NaN,NaN,NaN,NaN,NaN,NaN,NaN,NaN,NaN,24,10,14,15,NaN,NaN,NaN,NaN,0.005,0.005,0.0001,0.005,241.05,0,200,0,0,0,0,0,0,0,0,0,0,128.085,0,141.46,0,119.15,82.98,0,0,0,0,NaN,0,NaN,NaN,NaN,NaN,NaN,NaN,NaN,NaN,0,NaN,NaN,NaN,0
egg1-control,control_stage1-3,egg1,เพลิง,Common,balanced,A,,random,200,0,0,0.0188,0,0.385,0.505,0.08,0.03,0,0,0,0,0.52,0.43,0.045,0.005,0,0,0,0,1,0.36,200,37.815,34.5669,41.0631,16,18,30,64.1,160,0,NaN,NaN,NaN,NaN,NaN,NaN,NaN,NaN,200,1.112,1.0308,1.1932,0.5667,0.6167,0.9167,1.7692,4.1667,200,1.7423,1.607,1.8776,0.8333,0.9167,1.4167,2.8375,6.8333,0,NaN,NaN,NaN,NaN,NaN,NaN,NaN,NaN,0,NaN,NaN,NaN,NaN,NaN,NaN,NaN,NaN,NaN,25,10,18,9,NaN,NaN,NaN,NaN,0,0,0,0,208.185,0,200,0,0,0,0,0,0,0,0,0,0,100.195,0,97.205,0,88.44,59.815,0,0,0,0,NaN,0,NaN,NaN,NaN,NaN,NaN,NaN,NaN,NaN,0,NaN,NaN,NaN,0
egg1-math-A,stage4,egg1,เพลิง,Common,math,A,คมเพลิงต่อเนื่อง,greedy-egg,200,0,0,0.0188,0,0,0.69,0.295,0.015,0,0,0,0,0,0.905,0.09,0.005,0,0,0,0,1,0.32,200,27.11,26.0411,28.1789,17,20,25,39,56,0,NaN,NaN,NaN,NaN,NaN,NaN,NaN,NaN,200,0.8444,0.8177,0.8711,0.5917,0.6667,0.7917,1.1417,1.5667,200,1.2963,1.2517,1.3408,0.875,1,1.2083,1.7917,2.5,0,NaN,NaN,NaN,NaN,NaN,NaN,NaN,NaN,0,NaN,NaN,NaN,NaN,NaN,NaN,NaN,NaN,NaN,14,10,6,3,NaN,NaN,NaN,NaN,0,0,0,0,156.715,0,200,5.06,4.8476,5.2724,3,4,5,7,11,18.6647,48.285,97.235,0,28.14,0,27.495,22.5,0.3318,0,0,0,NaN,0,NaN,NaN,NaN,NaN,NaN,NaN,NaN,NaN,0,NaN,NaN,NaN,0
egg1-math-A,stage4,egg1,เพลิง,Common,math,A,คมเพลิงต่อเนื่อง,greedy,200,0,0,0.0188,0,0,0.41,0.27,0.245,0.02,0.005,0.005,0.045,0,0.55,0.235,0.16,0.02,0.01,0,0.025,1,0.33,200,51.005,46.5974,55.4126,17,22,41.5,87.1,216,0,NaN,NaN,NaN,NaN,NaN,NaN,NaN,NaN,200,1.4576,1.3413,1.5739,0.5917,0.7167,1.2042,2.3442,5.7333,200,2.3077,2.118,2.4974,0.875,1.0833,1.8958,3.7958,9.3333,0,NaN,NaN,NaN,NaN,NaN,NaN,NaN,NaN,0,NaN,NaN,NaN,NaN,NaN,NaN,NaN,NaN,NaN,18,16,14,12,22,26,21,15,0.03,0.055,0.0011,1.375,271.51,0.005,200,9.765,8.8781,10.6519,3,4,8,17,43,19.1452,100.46,135.83,0,157.695,0,141.92,87.545,0.4252,0,0,0.045,0,9,0.8739,0.7919,0.9559,0.5708,0.7782,0.9058,0.9657,0.995,9,11.7778,12.2222,11.5556,0.9811
egg1-math-A,stage4,egg1,เพลิง,Common,math,A,คมเพลิงต่อเนื่อง,random,200,0,0,0.0188,0,0.01,0.495,0.28,0.205,0,0,0,0.01,0.025,0.695,0.17,0.11,0,0,0,0,1,0.375,200,44.84,41.5909,48.0891,17,22,38,81.2,120,0,NaN,NaN,NaN,NaN,NaN,NaN,NaN,NaN,200,1.2902,1.2078,1.3725,0.5917,0.7167,1.1167,2.1967,3.3333,200,2.0375,1.901,2.174,0.875,1.0833,1.75,3.55,5.3333,0,NaN,NaN,NaN,NaN,NaN,NaN,NaN,NaN,0,NaN,NaN,NaN,NaN,NaN,NaN,NaN,NaN,NaN,18,15.5,12,15,10,16,17,12,0.01,0.01,0.0002,0.27,242.245,0.0011,200,8.575,7.9119,9.2381,3,4,7,16,24,19.1236,83.945,110.535,0,110.055,0,110.85,66.455,0.4316,0,0,0.01,0,2,0.9429,0.8457,1.0401,0.8933,0.9032,0.9429,0.9826,0.9925,2,6,6,6,1
egg1-math-B,stage4,egg1,เพลิง,Common,math,B,ปราการแก้วอัคคี,greedy-egg,200,0,0,0.0188,0,0,0.125,0.375,0.47,0,0.005,0,0.025,0,0.155,0.52,0.305,0.005,0,0,0.015,1,0.305,200,49.525,47.3393,51.7107,23,31,49,66,124,0,NaN,NaN,NaN,NaN,NaN,NaN,NaN,NaN,200,1.4148,1.3558,1.4738,0.7417,0.9417,1.3917,1.8167,3.6,200,2.2402,2.145,2.3354,1.125,1.4583,2.2083,2.9167,5.6667,0,NaN,NaN,NaN,NaN,NaN,NaN,NaN,NaN,0,NaN,NaN,NaN,NaN,NaN,NaN,NaN,NaN,NaN,16,17,12,6,12.5,12,17,9,0,0,0,0,181.315,0,200,9.35,8.899,9.801,4,6,9,13,25,18.8794,49.09,226.54,140.25,53.52,0,51.265,153.005,0.1781,0.7238,0,0.025,0,5,0.8698,0.7279,1.0117,0.5908,0.7072,0.915,0.9827,0.99,5,4,5,2.8,0.7
egg1-math-B,stage4,egg1,เพลิง,Common,math,B,ปราการแก้วอัคคี,greedy,200,0,0,0.0188,0,0,0.03,0.115,0.435,0.025,0.03,0.01,0.355,0,0.05,0.16,0.445,0.02,0.04,0.005,0.28,1,0.355,200,103.18,96.0522,110.3078,28,46,88,171.4,278,0,NaN,NaN,NaN,NaN,NaN,NaN,NaN,NaN,200,2.8728,2.6786,3.067,0.8667,1.3167,2.4417,4.7783,7.45,200,4.5925,4.2799,4.9051,1.3333,2.0833,3.875,7.6333,12.0833,0,NaN,NaN,NaN,NaN,NaN,NaN,NaN,NaN,0,NaN,NaN,NaN,NaN,NaN,NaN,NaN,NaN,NaN,21,23,19,21,18.5,19.5,19.5,21,0.185,0.34,0.0033,8.21,378.68,0.0212,200,20.35,18.8608,21.8392,5,9,17,36,58,19.7228,110.26,391.27,305.25,403.58,0,247.485,422.62,0.2198,0.4306,0,0.355,0,71,0.8033,0.7577,0.8488,0.175,0.5167,0.8808,0.98,1,71,16.0845,22.5775,15.6901,0.9755
egg1-math-B,stage4,egg1,เพลิง,Common,math,B,ปราการแก้วอัคคี,random,200,0,0,0.0188,0,0,0.1,0.125,0.405,0.025,0.04,0.02,0.285,0,0.12,0.145,0.46,0.025,0.02,0.02,0.21,1,0.385,200,102.26,95.1212,109.3988,23,44.9,90,182.1,277,0,NaN,NaN,NaN,NaN,NaN,NaN,NaN,NaN,200,2.8157,2.6238,3.0076,0.7417,1.2892,2.4167,4.9275,7.2583,200,4.52,4.2094,4.8306,1.125,2.0375,3.9167,7.9625,11.875,0,NaN,NaN,NaN,NaN,NaN,NaN,NaN,NaN,0,NaN,NaN,NaN,NaN,NaN,NaN,NaN,NaN,NaN,22,25,19.5,24,20,22,19.5,18,0.24,0.485,0.0047,11.965,367.59,0.0315,200,20.15,18.676,21.624,4,8,17,37,55,19.7047,108.835,323.535,302.25,374.515,0,243.71,406.405,0.2517,0.4466,0,0.285,0,57,0.9045,0.8796,0.9295,0.4875,0.7918,0.935,0.9793,0.9975,57,11.9649,16.3333,11.4737,0.9589
egg1-science-A,stage4,egg1,เพลิง,Common,science,A,ลาวาปะทุ,greedy-egg,200,0,0,0.0188,0,0.005,0.77,0.22,0.005,0,0,0,0,0.01,0.92,0.07,0,0,0,0,0,1,0.34,200,26.78,25.7267,27.8333,16,19,25,39,58,0,NaN,NaN,NaN,NaN,NaN,NaN,NaN,NaN,200,0.8362,0.8098,0.8625,0.5667,0.6417,0.7917,1.1417,1.6167,200,1.2825,1.2386,1.3264,0.8333,0.9583,1.2083,1.7917,2.5833,0,NaN,NaN,NaN,NaN,NaN,NaN,NaN,NaN,0,NaN,NaN,NaN,NaN,NaN,NaN,NaN,NaN,NaN,16,9,6,6,NaN,NaN,NaN,NaN,0,0,0,0,157.06,0,200,4.955,4.7419,5.1681,3,3,5,7,11,18.5026,35.605,97.085,0,26.505,0,26.825,22.085,0.2683,0,0,0,NaN,0,NaN,NaN,NaN,NaN,NaN,NaN,NaN,NaN,0,NaN,NaN,NaN,0
egg1-science-A,stage4,egg1,เพลิง,Common,science,A,ลาวาปะทุ,greedy,200,0,0,0.0188,0,0,0.48,0.26,0.235,0,0,0,0.025,0,0.615,0.235,0.14,0,0,0,0.01,1,0.34,200,51.135,46.5117,55.7583,17,22,40,88,233,0,NaN,NaN,NaN,NaN,NaN,NaN,NaN,NaN,200,1.4509,1.3331,1.5687,0.5917,0.7167,1.1667,2.3692,5.9917,200,2.3031,2.1083,2.4979,0.875,1.0833,1.8333,3.8375,9.875,0,NaN,NaN,NaN,NaN,NaN,NaN,NaN,NaN,0,NaN,NaN,NaN,NaN,NaN,NaN,NaN,NaN,NaN,20,16,12,12.5,29,36,29,18,0.03,0.05,0.001,1.23,266.93,0.0046,200,9.795,8.8704,10.7196,3,4,8,17,46,19.1552,74.73,134.32,0,166.155,0,138.235,91.22,0.3575,0,0,0.025,0,5,0.9307,0.8792,0.9821,0.8425,0.8685,0.9433,0.983,0.995,5,13.6,19,13.4,0.9853
egg1-science-A,stage4,egg1,เพลิง,Common,science,A,ลาวาปะทุ,random,200,0,0,0.0188,0,0.03,0.625,0.165,0.165,0,0,0,0.015,0.05,0.705,0.15,0.09,0,0,0,0.005,1,0.315,200,44.31,40.6616,47.9584,16,22,35,84,182,0,NaN,NaN,NaN,NaN,NaN,NaN,NaN,NaN,200,1.2794,1.1854,1.3734,0.5667,0.7167,1.0417,2.2667,5.05,200,2.0179,1.8631,2.1727,0.8333,1.0833,1.625,3.6667,8.0833,0,NaN,NaN,NaN,NaN,NaN,NaN,NaN,NaN,0,NaN,NaN,NaN,NaN,NaN,NaN,NaN,NaN,NaN,21,12,16,12,24,17,NaN,12,0.02,0.03,0.0007,0.525,242.82,0.0022,200,8.475,7.7436,9.2064,3,4,7,16,36,19.1266,63.925,108.33,0,109.37,0,113.9,66.245,0.3711,0,0,0.015,0,3,0.8853,0.7266,1.044,0.7233,0.7718,0.9658,0.9665,0.9667,3,5.3333,7,5,0.9375
egg1-science-B,stage4,egg1,เพลิง,Common,science,B,อัสนีอัคคี,greedy-egg,200,0,0,0.0188,0,0,0.615,0.365,0.02,0,0,0,0,0,0.85,0.14,0.01,0,0,0,0,1,0.335,200,27.635,26.4551,28.8149,17,19,25,39.1,69,0,NaN,NaN,NaN,NaN,NaN,NaN,NaN,NaN,200,0.8575,0.828,0.887,0.5917,0.6417,0.7917,1.1442,1.8917,200,1.3181,1.269,1.3673,0.875,0.9583,1.2083,1.7958,3.0417,0,NaN,NaN,NaN,NaN,NaN,NaN,NaN,NaN,0,NaN,NaN,NaN,NaN,NaN,NaN,NaN,NaN,NaN,14,11,6,4.5,NaN,NaN,NaN,NaN,0,0,0,0,159.325,0,200,5.1,4.8679,5.3321,3,3,5,7,13,18.4549,62.785,96.77,0,27.34,0,28.665,22.245,0.3935,0,0,0,NaN,0,NaN,NaN,NaN,NaN,NaN,NaN,NaN,NaN,0,NaN,NaN,NaN,0
egg1-science-B,stage4,egg1,เพลิง,Common,science,B,อัสนีอัคคี,greedy,200,0,0,0.0188,0,0,0.365,0.29,0.3,0.01,0,0.005,0.03,0,0.485,0.255,0.235,0.005,0,0.005,0.015,1,0.28,200,48.41,44.8053,52.0147,18,22,42.5,79,158,0,NaN,NaN,NaN,NaN,NaN,NaN,NaN,NaN,200,1.3886,1.2937,1.4835,0.6167,0.7167,1.2292,2.1442,4.325,200,2.1954,2.0406,2.3503,0.9167,1.0833,1.9375,3.4625,6.9167,0,NaN,NaN,NaN,NaN,NaN,NaN,NaN,NaN,0,NaN,NaN,NaN,NaN,NaN,NaN,NaN,NaN,NaN,16,15,12,12,14.5,20,8,12,0.03,0.035,0.0007,0.9,256.07,0.0035,200,9.255,8.5329,9.9771,3,4,8,16,32,19.118,113.7,123.645,0,139.22,0,127.54,79.26,0.479,0,0,0.03,0,6,0.9272,0.8943,0.9602,0.8775,0.8825,0.93,0.9692,0.9842,6,7,12,6.1667,0.881
egg1-science-B,stage4,egg1,เพลิง,Common,science,B,อัสนีอัคคี,random,200,0,0,0.0188,0,0,0.45,0.315,0.195,0.005,0.005,0.01,0.02,0,0.68,0.18,0.13,0.005,0,0.005,0,1,0.38,200,45.15,41.6467,48.6533,18,21,37,78.1,172,0,NaN,NaN,NaN,NaN,NaN,NaN,NaN,NaN,200,1.3046,1.2136,1.3956,0.6167,0.6917,1.0917,2.1192,4.4667,200,2.0571,1.9078,2.2064,0.9167,1.0417,1.7083,3.4208,7.3333,0,NaN,NaN,NaN,NaN,NaN,NaN,NaN,NaN,0,NaN,NaN,NaN,NaN,NaN,NaN,NaN,NaN,NaN,17,15,12,12,18,17,12.5,12,0.035,0.04,0.0009,0.94,246.635,0.0038,200,8.605,7.9001,9.3099,3,4,7,15,34,19.0587,104.89,109.165,0,104.595,0,114.79,64.16,0.49,0,0,0.02,0,4,0.949,0.9372,0.9608,0.9358,0.9376,0.95,0.9595,0.96,4,6,8.5,5.5,0.9167
egg2-balanced-A,stage4,egg2,พฤกษ์,Common,balanced,A,พรแห่งพงไพร,greedy-egg,200,0,0,0.0188,0,0.01,0.18,0.2,0.52,0,0.01,0.02,0.06,0.01,0.225,0.225,0.475,0.01,0.01,0.01,0.035,1,0.36,200,423.28,400.973,445.587,77,241,412,628.1,898,0,NaN,NaN,NaN,NaN,NaN,NaN,NaN,NaN,200,10.7753,10.2166,11.3341,2.0917,6.1917,10.4667,15.8692,22.6167,200,17.83,16.8995,18.7605,3.375,10.2083,17.3333,26.3375,37.5833,0,NaN,NaN,NaN,NaN,NaN,NaN,NaN,NaN,0,NaN,NaN,NaN,NaN,NaN,NaN,NaN,NaN,NaN,108,136,140.5,52.5,46,63,42,24,0.955,5.035,0.0119,122.62,1146.74,0.0966,200,70.535,66.7811,74.2889,12,40,68,104.1,149,16.6639,0,293.4,0,5042.48,0,1148.78,1992.795,0,0,0,0.06,0,12,0.8678,0.7688,0.9669,0.4508,0.6729,0.9529,0.9997,1,12,24,25.6667,23.6667,0.9861
egg2-balanced-A,stage4,egg2,พฤกษ์,Common,balanced,A,พรแห่งพงไพร,greedy,200,0,0,0.0188,0,0.03,0.285,0.19,0.415,0.01,0.005,0.025,0.04,0.065,0.355,0.195,0.335,0.005,0.01,0.015,0.02,1,0.315,200,147.99,136.197,159.783,16,38,150,253.4,457,0,NaN,NaN,NaN,NaN,NaN,NaN,NaN,NaN,200,3.8848,3.5869,4.1826,0.5667,1.1167,3.9167,6.5017,11.7583,200,6.3512,5.8569,6.8456,0.8333,1.75,6.4167,10.725,19.375,0,NaN,NaN,NaN,NaN,NaN,NaN,NaN,NaN,0,NaN,NaN,NaN,NaN,NaN,NaN,NaN,NaN,NaN,49,42,39,21,29.5,20,23,15,0.335,0.575,0.0039,13.735,599.965,0.0224,200,24.295,22.3207,26.2693,2,6,24.5,42,76,16.4166,0,250.56,0,954.075,0,494.005,484.815,0,0,0,0.04,0,8,0.9725,0.954,0.991,0.9167,0.9429,0.9783,0.9977,1,8,6.5,7.25,5.75,0.8846
egg2-balanced-A,stage4,egg2,พฤกษ์,Common,balanced,A,พรแห่งพงไพร,random,200,0,0,0.0188,0,0.17,0.36,0.23,0.225,0,0,0,0.015,0.205,0.405,0.2,0.185,0,0,0,0.005,1,0.33,200,120.695,109.5126,131.8774,16,29.8,109,225.1,418,0,NaN,NaN,NaN,NaN,NaN,NaN,NaN,NaN,200,3.189,2.9082,3.4699,0.5667,0.9117,2.8917,5.7942,10.6167,200,5.2006,4.7334,5.6678,0.8333,1.4083,4.7083,9.5458,17.5833,0,NaN,NaN,NaN,NaN,NaN,NaN,NaN,NaN,0,NaN,NaN,NaN,NaN,NaN,NaN,NaN,NaN,NaN,50,43,31,13.5,42,42,37,6,0.425,0.76,0.0063,18.145,489.93,0.0357,200,19.805,17.9188,21.6912,2,4.9,18,37.1,72,16.4091,0,181.875,0,732.85,0,388.615,375.37,0,0,0,0.015,0,3,0.9833,0.9554,1.0112,0.955,0.963,0.995,0.999,1,3,2,3.6667,1.6667,0.8333
egg2-balanced-B,stage4,egg2,พฤกษ์,Common,balanced,B,พฤกษ์ค้ำจุน,greedy-egg,200,0,0,0.0188,0,0,0.03,0.02,0.68,0.02,0.01,0.01,0.23,0,0.035,0.025,0.695,0.015,0.01,0.01,0.21,1,0.36,200,596.28,571.5268,621.0332,245,385.7,574,808.1,1278,0,NaN,NaN,NaN,NaN,NaN,NaN,NaN,NaN,200,15.1553,14.5368,15.7739,6.2917,9.8442,14.6292,20.3992,32.1167,200,25.0933,24.0624,26.1243,10.375,16.2625,24.1667,33.8375,53.4167,0,NaN,NaN,NaN,NaN,NaN,NaN,NaN,NaN,0,NaN,NaN,NaN,NaN,NaN,NaN,NaN,NaN,NaN,108.5,146.5,162,118.5,48.5,34,31.5,54,0.985,9.83,0.0165,243.04,995.305,0.1963,200,99.85,95.6435,104.0565,40,63.6,96,135.4,225,16.7455,0,454.55,1892.41,6543.54,0,1115.865,3697.18,0,0.2243,0,0.23,0,46,0.8043,0.7438,0.8649,0.1392,0.5046,0.8938,1,1,46,35.5652,49.3478,35.3696,0.9945
egg2-balanced-B,stage4,egg2,พฤกษ์,Common,balanced,B,พฤกษ์ค้ำจุน,greedy,200,0.015,0.0051,0.0432,3,0,0,0.02,0.405,0.015,0.015,0.01,0.52,0,0.005,0.035,0.45,0.01,0.01,0.01,0.47,0.99,0.2929,200,284.59,270.3418,298.8382,58,165.4,276,417.1,626,3,393.6667,337.9722,449.3612,350,356.8,384,434.4,447,200,7.4373,7.0769,7.7976,1.6167,4.3392,7.2917,10.8167,15.9833,200,12.1804,11.583,12.7779,2.5833,7.0583,11.8958,17.8,26.4167,3,10.2306,9.1031,11.358,9.4167,9.52,9.9333,11.06,11.3417,3,16.7917,14.7381,18.8453,15.25,15.4667,16.3333,18.3,18.7917,1,49,50,42,56,53,30,43,32,0.815,2.905,0.0102,70.55,749.14,0.0861,200,47.6,45.1557,50.0443,9,26.9,46,69,104,16.7258,0,593.965,898.58,1963.02,0,696.19,1543.385,0,0.314,0,0.535,0.028,104,0.8739,0.8443,0.9036,0.1717,0.708,0.9229,1,1,107,24.5607,33.4486,24.1776,0.9844
egg2-balanced-B,stage4,egg2,พฤกษ์,Common,balanced,B,พฤกษ์ค้ำจุน,random,200,0,0,0.0188,0,0,0.035,0.06,0.52,0.035,0.015,0.01,0.325,0,0.045,0.07,0.555,0.025,0.01,0.01,0.285,1,0.355,200,244.205,231.289,257.121,62,134.5,233.5,349.5,544,0,NaN,NaN,NaN,NaN,NaN,NaN,NaN,NaN,200,6.3851,6.0554,6.7149,1.7167,3.5417,6.0833,9.1008,14.1,200,10.4552,9.9105,10.9999,2.75,5.7708,9.9792,14.7458,23.1667,0,NaN,NaN,NaN,NaN,NaN,NaN,NaN,NaN,0,NaN,NaN,NaN,NaN,NaN,NaN,NaN,NaN,NaN,51,54,41,45,30,24,29,23,0.885,3.225,0.0132,78.69,622.055,0.1123,200,40.74,38.5315,42.9485,10,22,39,60,92,16.6827,0,462.59,769.35,1570.155,0,574.99,1282.02,0,0.3289,0,0.325,0,65,0.8917,0.8586,0.9248,0.4558,0.7275,0.9508,1,1,65,18,22.1385,17.6769,0.9821
egg2-control,control_stage1-3,egg2,พฤกษ์,Common,balanced,A,,greedy-egg,200,0,0,0.0188,0,0.01,0.095,0.195,0.605,0.005,0.005,0.005,0.08,0.01,0.135,0.24,0.54,0.005,0.005,0.005,0.06,1,0.365,200,378.535,361.1682,395.9018,36,250.9,374.5,532,838,0,NaN,NaN,NaN,NaN,NaN,NaN,NaN,NaN,200,9.6542,9.2182,10.0902,1.0667,6.4392,9.5792,13.4767,21.1167,200,15.9631,15.2377,16.6885,1.6667,10.6208,15.8542,22.35,35.0833,0,NaN,NaN,NaN,NaN,NaN,NaN,NaN,NaN,0,NaN,NaN,NaN,NaN,NaN,NaN,NaN,NaN,NaN,101,123.5,102,35.5,30,33,33,31.5,0.94,3.14,0.0083,76.425,1076.485,0.0663,200,0,0,0,0,0,0,0,0,0,0,313.665,0,4033.42,0,1030.365,1739.74,0,0,0,0.08,0,16,0.8894,0.8213,0.9574,0.5708,0.6592,0.9537,0.995,1,16,22.25,26.9375,21.75,0.9775
egg2-control,control_stage1-3,egg2,พฤกษ์,Common,balanced,A,,greedy,200,0,0,0.0188,0,0.03,0.28,0.195,0.42,0,0.015,0.015,0.045,0.045,0.39,0.2,0.325,0,0.005,0,0.035,1,0.35,200,139.965,129.1352,150.7948,16,36.9,143.5,244.4,383,0,NaN,NaN,NaN,NaN,NaN,NaN,NaN,NaN,200,3.69,3.4148,3.9651,0.5667,1.0892,3.7542,6.4817,9.7417,200,6.0227,5.5672,6.4782,0.8333,1.7042,6.1458,10.5917,16.125,0,NaN,NaN,NaN,NaN,NaN,NaN,NaN,NaN,0,NaN,NaN,NaN,NaN,NaN,NaN,NaN,NaN,NaN,46.5,43,34.5,18,60,18,22.5,9,0.245,0.31,0.0022,7.335,567.61,0.0128,200,0,0,0,0,0,0,0,0,0,0,251.875,0,877.745,0,453.025,455.18,0,0,0,0.045,0,9,0.9887,0.9788,0.9986,0.9625,0.9645,0.9958,1,1,9,5.3333,5.6667,4.2222,0.7917
egg2-control,control_stage1-3,egg2,พฤกษ์,Common,balanced,A,,random,200,0,0,0.0188,0,0.16,0.335,0.215,0.275,0.01,0,0,0.005,0.21,0.395,0.185,0.205,0,0,0,0.005,1,0.325,200,111.035,100.8031,121.2669,16,28,105.5,204.1,377,0,NaN,NaN,NaN,NaN,NaN,NaN,NaN,NaN,200,2.945,2.6889,3.2012,0.5667,0.8667,2.8042,5.2692,9.5917,200,4.7956,4.369,5.2223,0.8333,1.3333,4.5625,8.6708,15.875,0,NaN,NaN,NaN,NaN,NaN,NaN,NaN,NaN,0,NaN,NaN,NaN,NaN,NaN,NaN,NaN,NaN,NaN,47,40,24,12,6,NaN,NaN,21,0.335,0.575,0.0052,13.745,456.715,0.0292,200,0,0,0,0,0,0,0,0,0,0,182.645,0,655.37,0,350.755,340.655,0,0,0,0.005,0,1,0.9875,0.9875,0.9875,0.9875,0.9875,0.9875,0.9875,0.9875,1,10,19,9,0.9
egg2-math-A,stage4,egg2,พฤกษ์,Common,math,A,งาหนามทะลวง,greedy-egg,200,0.005,0.0009,0.0278,1,0,0.005,0.01,0.375,0.02,0.02,0.01,0.555,0,0.015,0.015,0.47,0.025,0.02,0.015,0.44,1,0.36,200,218.575,208.9707,228.1793,37,125.6,218,304.1,402,1,356,356,356,356,356,356,356,356,200,5.8002,5.5472,6.0532,1.0917,3.3067,5.8125,7.9625,10.2167,200,9.4431,9.0304,9.8558,1.7083,5.4,9.5417,13.0042,16.9167,1,9.4,9.4,9.4,9.4,9.4,9.4,9.4,9.4,1,15.3333,15.3333,15.3333,15.3333,15.3333,15.3333,15.3333,15.3333,1,36,41,37,61,33,37.5,27,24,0.655,1.445,0.0066,34.18,754.93,0.0433,200,36.785,35.1047,38.4653,6,21,36,53,71,16.8295,374.13,214.88,0,2149.415,0,661.935,1018.38,0.6352,0,0,0.56,0.0089,111,0.8712,0.8406,0.9018,0.0783,0.7108,0.9217,0.9817,1,112,21.5179,28.2679,21.0982,0.9805
egg2-math-A,stage4,egg2,พฤกษ์,Common,math,A,งาหนามทะลวง,greedy,200,0,0,0.0188,0,0.005,0.25,0.12,0.395,0.005,0.02,0.015,0.19,0.005,0.33,0.135,0.375,0.005,0.03,0.005,0.115,1,0.355,200,111.695,102.1699,121.2201,16,32.8,106,213,330,0,NaN,NaN,NaN,NaN,NaN,NaN,NaN,NaN,200,3.0249,2.7751,3.2747,0.5667,0.9867,2.8167,5.75,8.4167,200,4.8865,4.4781,5.2948,0.8333,1.5333,4.5833,9.375,13.9167,0,NaN,NaN,NaN,NaN,NaN,NaN,NaN,NaN,0,NaN,NaN,NaN,NaN,NaN,NaN,NaN,NaN,NaN,29,30,28,27,28,25.5,23,15,0.165,0.31,0.0028,6.92,477.655,0.0143,200,18.35,16.7246,19.9754,2,5,18,35.1,55,16.4287,169.185,176.885,0,695.615,0,360.115,362.225,0.4889,0,0,0.19,0,38,0.9153,0.8834,0.9472,0.5267,0.8132,0.9529,0.9865,1,38,11.4211,15.2368,10.9211,0.9562
egg2-math-A,stage4,egg2,พฤกษ์,Common,math,A,งาหนามทะลวง,random,200,0,0,0.0188,0,0.025,0.365,0.125,0.37,0.03,0.01,0.005,0.07,0.055,0.425,0.115,0.34,0.01,0.01,0.005,0.04,1,0.34,200,90.57,82.7046,98.4354,16,28,89,164,288,0,NaN,NaN,NaN,NaN,NaN,NaN,NaN,NaN,200,2.4592,2.2559,2.6626,0.5667,0.8667,2.3917,4.3167,7.5333,200,3.9688,3.6345,4.303,0.8333,1.3333,3.875,7.0833,12.3333,0,NaN,NaN,NaN,NaN,NaN,NaN,NaN,NaN,0,NaN,NaN,NaN,NaN,NaN,NaN,NaN,NaN,NaN,30,28,26.5,21,10.5,25.5,29,12,0.215,0.3,0.0033,6.995,401.46,0.0171,200,14.795,13.4643,16.1257,2,4,14.5,27,50,16.3354,134.355,127.795,0,479.975,0,286.375,264.545,0.5125,0,0,0.07,0,14,0.9118,0.8327,0.9909,0.4483,0.7791,0.9742,0.9933,0.9933,14,9.7143,10.1429,9.2857,0.9559
egg2-math-B,stage4,egg2,พฤกษ์,Common,math,B,เปลือกไม้ซ้อนชั้น,greedy-egg,200,0,0,0.0188,0,0,0.035,0.075,0.625,0.02,0.01,0.015,0.22,0,0.055,0.09,0.61,0.025,0.025,0.015,0.18,1,0.36,200,569.76,545.6553,593.8647,245,347.9,551.5,798.7,1170,0,NaN,NaN,NaN,NaN,NaN,NaN,NaN,NaN,200,14.4848,13.8796,15.0901,6.2917,8.8642,13.9542,20.3017,29.5833,200,23.9808,22.974,24.9877,10.375,14.6625,23.1458,33.7208,49.0833,0,NaN,NaN,NaN,NaN,NaN,NaN,NaN,NaN,0,NaN,NaN,NaN,NaN,NaN,NaN,NaN,NaN,NaN,108.5,146,147,114,60,30,24,45,1,8.81,0.0155,217.73,1109.72,0.164,200,95.34,91.2243,99.4557,40,57,92,134.1,207,16.7334,0,446.265,1525.44,6235.73,0,1205.04,3037.1,0,0.1965,0,0.22,0,44,0.7905,0.7171,0.8639,0.0058,0.4969,0.8762,0.9878,1,44,39.5,51.75,39.2727,0.9942
egg2-math-B,stage4,egg2,พฤกษ์,Common,math,B,เปลือกไม้ซ้อนชั้น,greedy,200,0,0,0.0188,0,0,0.045,0.035,0.375,0.035,0.02,0.025,0.465,0,0.065,0.055,0.435,0.02,0.03,0.03,0.365,1,0.31,200,269.935,254.2625,285.6075,33,123,263,412.1,605,0,NaN,NaN,NaN,NaN,NaN,NaN,NaN,NaN,200,7.0567,6.6577,7.4557,0.9917,3.2417,6.8875,10.635,15.625,200,11.5556,10.8957,12.2156,1.5417,5.2917,11.3333,17.425,25.7083,0,NaN,NaN,NaN,NaN,NaN,NaN,NaN,NaN,0,NaN,NaN,NaN,NaN,NaN,NaN,NaN,NaN,NaN,49,49.5,42,54,52,30.5,37.5,30,0.77,2.605,0.0097,63.225,780.515,0.0749,200,44.96,42.2697,47.6503,5,20,44,68,101,16.6559,0,547.95,719.36,1817.8,0,718.975,1222.215,0,0.2835,0,0.465,0,93,0.8591,0.8213,0.8969,0.0183,0.6283,0.9267,1,1,93,23.5054,32.1398,23.1183,0.9835
egg2-math-B,stage4,egg2,พฤกษ์,Common,math,B,เปลือกไม้ซ้อนชั้น,random,200,0,0,0.0188,0,0.005,0.08,0.115,0.475,0.02,0.02,0.02,0.265,0.005,0.115,0.13,0.51,0.02,0.01,0.01,0.2,1,0.335,200,224.885,211.7257,238.0443,35,115.7,216,348.1,547,0,NaN,NaN,NaN,NaN,NaN,NaN,NaN,NaN,200,5.883,5.5462,6.2198,1.0417,3.0592,5.6042,9.0692,14.175,200,9.631,9.0752,10.1869,1.625,4.9875,9.1875,14.8333,23.2917,0,NaN,NaN,NaN,NaN,NaN,NaN,NaN,NaN,0,NaN,NaN,NaN,NaN,NaN,NaN,NaN,NaN,NaN,51,52,40,42,30,23,24,24,0.83,2.71,0.0121,66.1,639.16,0.0937,200,37.41,35.1417,39.6783,5,18.9,36,58.1,96,16.6352,0,426.135,598.56,1416.655,0,580,972.705,0,0.297,0,0.265,0,53,0.8737,0.8349,0.9125,0.4192,0.7312,0.9333,0.995,1,53,19.8113,24.9057,19.3962,0.979
egg2-science-A,stage4,egg2,พฤกษ์,Common,science,A,บุปผาระเบิด,greedy-egg,200,0.005,0.0009,0.0278,1,0,0.02,0.01,0.665,0.015,0.005,0.015,0.265,0,0.025,0.015,0.68,0.01,0.015,0.015,0.235,0.995,0.3367,200,638.775,610.7282,666.8218,245,431.9,606.5,892.4,1460,1,505,505,505,505,505,505,505,505,200,16.2169,15.5112,16.9226,6.2917,11.1242,15.3667,22.6533,36.8333,200,26.8631,25.6901,28.0362,10.375,18.2792,25.5,37.5333,61.1667,1,13.125,13.125,13.125,13.125,13.125,13.125,13.125,13.125,1,21.5417,21.5417,21.5417,21.5417,21.5417,21.5417,21.5417,21.5417,1,108.5,146.5,161.5,141,40,32.5,36,60,1,11.35,0.0178,281.84,1646.82,0.1461,200,107.135,102.3442,111.9258,40,71.9,101,149.2,257,16.7719,0,486.625,1172.575,7103.87,862.99,941.595,3444.165,0,0.1417,0.4782,0.27,0.0185,53,0.8261,0.7735,0.8787,0.3308,0.504,0.905,0.995,1,54,45.7037,58.037,45.4444,0.9943
egg2-science-A,stage4,egg2,พฤกษ์,Common,science,A,บุปผาระเบิด,greedy,200,0.01,0.0027,0.0357,2,0,0,0.005,0.34,0.005,0.005,0.01,0.625,0,0,0.01,0.435,0.01,0.005,0.005,0.53,0.995,0.3769,200,303.645,288.5601,318.7299,101,182.9,288.5,433.3,719,2,326,263.28,388.72,294,300.4,326,351.6,358,200,7.942,7.5623,8.3216,2.6917,4.9075,7.5,11.2375,18.3083,200,13.0027,12.372,13.6334,4.375,8.0542,12.3333,18.4625,30.2917,2,8.5667,7.162,9.9713,7.85,7.9933,8.5667,9.14,9.2833,2,14,11.55,16.45,12.75,13,14,15,15.25,1,49,50,43,57,51,31,35,39,0.88,3.345,0.011,82.435,1214.05,0.0636,200,50.815,48.2083,53.4217,16,30,48,78,127,16.735,0,642.795,406.795,2145.09,558.69,608.815,1271.595,0,0.1594,0.4785,0.635,0.0157,125,0.8526,0.8233,0.882,0.185,0.6663,0.9167,0.99,1,127,29.1969,39.7087,28.8425,0.9879
egg2-science-A,stage4,egg2,พฤกษ์,Common,science,A,บุปผาระเบิด,random,200,0.005,0.0009,0.0278,1,0,0.005,0.03,0.45,0.015,0.01,0.01,0.475,0,0.01,0.035,0.555,0.01,0.01,0.01,0.365,0.995,0.3518,200,280.285,266.4564,294.1136,102,167.9,264.5,421.7,590,1,375,375,375,375,375,375,375,375,200,7.3271,6.9742,7.6801,2.7167,4.4392,7.0083,10.8825,15.0833,200,11.9985,11.4155,12.5816,4.4167,7.2417,11.4375,18.0042,24.9167,1,9.7083,9.7083,9.7083,9.7083,9.7083,9.7083,9.7083,9.7083,1,15.9583,15.9583,15.9583,15.9583,15.9583,15.9583,15.9583,15.9583,1,51,55,44,51,37.5,34,32,27,0.95,4.135,0.0148,101.84,1133.385,0.0824,200,46.92,44.5426,49.2974,16,27,46,70.1,99,16.7401,0,546.125,342.35,1865.93,549.13,558.075,1106.94,0,0.155,0.496,0.48,0.0104,95,0.8789,0.848,0.9099,0.0233,0.7067,0.9367,0.9967,1,96,23.7917,29.8854,23.4792,0.9869
egg2-science-B,stage4,egg2,พฤกษ์,Common,science,B,รากหล่อเลี้ยง,greedy-egg,200,0.005,0.0009,0.0278,1,0,0.025,0.015,0.665,0.015,0.01,0.01,0.255,0,0.025,0.02,0.72,0.01,0.015,0.01,0.195,0.995,0.3467,200,627.915,599.8638,655.9662,245,394.7,603,895.1,1427,1,435,435,435,435,435,435,435,435,200,15.9462,15.2413,16.6511,6.2917,10.3433,15.2417,22.5942,35.8417,200,26.4115,25.2391,27.5838,10.375,16.8167,25.2917,37.5292,59.625,1,11.375,11.375,11.375,11.375,11.375,11.375,11.375,11.375,1,18.625,18.625,18.625,18.625,18.625,18.625,18.625,18.625,1,108.5,146.5,161,132,60,38,91,49,1,11.005,0.0175,273.715,1576.53,0.1479,200,105.4,100.619,110.181,40,65,100,149.1,255,16.7857,0,474.835,952.95,6979.955,923.34,804.18,3406.26,0,0.1201,0.5345,0.26,0.0192,51,0.8274,0.7681,0.8867,0.1692,0.4958,0.9342,1,1,52,42.9231,49.7115,42.7308,0.9955
egg2-science-B,stage4,egg2,พฤกษ์,Common,science,B,รากหล่อเลี้ยง,greedy,200,0,0,0.0188,0,0,0,0.01,0.365,0.01,0.015,0.01,0.59,0,0,0.015,0.445,0.01,0.015,0.005,0.51,1,0.34,200,291.975,277.1961,306.7539,101,176.8,278.5,416,877,0,NaN,NaN,NaN,NaN,NaN,NaN,NaN,NaN,200,7.6485,7.2768,8.0203,2.6917,4.6142,7.3208,10.8092,22.0917,200,12.5148,11.8971,13.1325,4.375,7.5792,11.9792,17.7042,36.7083,0,NaN,NaN,NaN,NaN,NaN,NaN,NaN,NaN,0,NaN,NaN,NaN,NaN,NaN,NaN,NaN,NaN,NaN,49,50,43,59,53.5,34,34,27,0.84,3.07,0.0105,75.67,1182.93,0.0601,200,48.94,46.3612,51.5188,16,29,47,72,157,16.7617,0,592.53,281.605,2030.42,577.145,554.885,1180.39,0,0.1218,0.5098,0.59,0,118,0.8767,0.8472,0.9062,0.0817,0.7313,0.9408,0.991,1,118,24.0339,31.4746,23.7119,0.9866
egg2-science-B,stage4,egg2,พฤกษ์,Common,science,B,รากหล่อเลี้ยง,random,200,0,0,0.0188,0,0,0.01,0.05,0.49,0.02,0.01,0,0.42,0,0.015,0.055,0.555,0.02,0.01,0.005,0.34,1,0.36,200,270.415,256.9507,283.8793,102,166.4,256,419.4,590,0,NaN,NaN,NaN,NaN,NaN,NaN,NaN,NaN,200,7.0687,6.7258,7.4116,2.7167,4.4342,6.7458,10.7933,15.0833,200,11.5756,11.0087,12.1425,4.4167,7.125,10.9583,17.8,24.9167,0,NaN,NaN,NaN,NaN,NaN,NaN,NaN,NaN,0,NaN,NaN,NaN,NaN,NaN,NaN,NaN,NaN,NaN,51,55,44.5,51,41,40,36.5,27,0.925,3.885,0.0144,95.785,1103.775,0.0799,200,45.37,43.0627,47.6773,16,26.9,43,70.1,99,16.7779,0,507.82,236.89,1777.625,560.15,512.77,1041.885,0,0.1176,0.5221,0.42,0,84,0.8871,0.859,0.9152,0.425,0.7179,0.9375,0.9967,1,84,21.3571,26.869,21.0714,0.9866
egg3-balanced-A,stage4,egg3,เทพ,Legendary,balanced,A,เพลิงยกระดับ,greedy-egg,200,0.835,0.7773,0.88,167,0,0,0.005,0.03,0,0.005,0,0.125,0,0,0.005,0.035,0,0,0,0.16,0.2,0.25,200,93.55,90.659,96.441,28,69,93,118.1,162,167,96.9641,94.3007,99.6274,60,75,96,119,151,200,2.6471,2.5808,2.7133,0.8667,2.1567,2.6458,3.16,4.2167,200,4.2062,4.0929,4.3196,1.3333,3.3333,4.2083,5.125,6.9167,167,2.7275,2.6715,2.7835,2,2.2683,2.6917,3.175,4.1083,167,4.3436,4.2444,4.4427,3,3.5417,4.2917,5.1583,6.625,0,10,10,10,13,10,9,10,40,0.175,0.195,0.0021,5.655,356.125,0.0156,200,18.805,18.1986,19.4114,5,14,19,24,34,20.1015,378.43,1275.67,0,1652.695,0,332.84,457.965,0.2288,0,0,0.96,0.8698,25,0.6471,0.5158,0.7783,0.0742,0.198,0.8317,0.9553,0.96,192,25.1042,34.9427,24.0625,0.9585
egg3-balanced-A,stage4,egg3,เทพ,Legendary,balanced,A,เพลิงยกระดับ,greedy,200,0.4,0.3346,0.4692,80,0,0.005,0.01,0.16,0.01,0.005,0.005,0.405,0,0.005,0.035,0.2,0,0.015,0,0.445,0.7,0.3786,200,107.705,101.421,113.989,24,46,110,162.1,270,80,134.0625,126.4203,141.7047,72,91.8,130.5,177.1,270,200,3.0685,2.9053,3.2316,0.7667,1.3392,3.2083,4.4667,6.9167,200,4.8635,4.5963,5.1308,1.1667,2.1208,5.0833,7.2167,11.4167,80,3.7266,3.539,3.9141,2.1167,2.6808,3.6875,4.72,6.9167,80,5.9609,5.6471,6.2748,3.3333,4.2458,5.8958,7.7125,11.4167,0.0125,12,14,13,17,12,13.5,11.5,48,0.32,0.49,0.0045,13.475,521.485,0.0252,200,21.79,20.4559,23.1241,4,9,23,34,54,20.2312,434.14,765.785,0,1195.815,0,431.67,428.115,0.3618,0,0,0.805,0.4969,81,0.6285,0.5629,0.6942,0.0233,0.1767,0.7417,0.9417,1,161,30.646,42.3354,29.8012,0.9724
egg3-balanced-A,stage4,egg3,เทพ,Legendary,balanced,A,เพลิงยกระดับ,random,200,0.285,0.2269,0.3512,57,0,0,0.025,0.185,0.025,0.015,0,0.465,0,0,0.035,0.21,0.03,0.015,0.005,0.48,0.775,0.3226,200,107.265,101.1343,113.3957,26,47,108.5,164.2,223,57,137.2105,129.0914,145.3297,76,100.6,134,178.2,210,200,3.0383,2.8773,3.1993,0.8167,1.3417,3.1417,4.4383,6.075,200,4.826,4.5635,5.0886,1.25,2.125,4.9167,7.175,9.7917,57,3.8045,3.6096,3.9995,2.4,2.8483,3.675,4.7533,5.475,57,6.0914,5.7622,6.4205,3.6667,4.525,5.9167,7.6833,8.9167,0,14,15,13,18,13,15,13,47.5,0.37,0.605,0.0056,17.225,534.62,0.0312,200,21.74,20.4181,23.0619,5,9,22,33.1,47,20.2676,431.175,669.455,0,1028.91,0,436.945,396.205,0.3918,0,0,0.75,0.38,93,0.608,0.5464,0.6696,0.0075,0.1328,0.7092,0.9413,0.9817,150,29.3867,38.9733,28.82,0.9807
egg3-balanced-B,stage4,egg3,เทพ,Legendary,balanced,B,ตรามหาพร,greedy-egg,200,0.915,0.8681,0.9463,183,0,0,0,0,0,0,0,0.085,0,0,0,0,0,0,0,0.11,0.11,0.3182,200,126.21,122.7601,129.6599,81,98.9,121,160.1,214,183,125.9344,122.3183,129.5505,81,98.2,121,160.8,214,200,3.4752,3.3996,3.5509,2.5083,2.8983,3.3583,4.3592,5.35,200,5.5787,5.4464,5.7111,3.875,4.5417,5.375,7.0458,8.9167,183,3.4535,3.3754,3.5316,2.5083,2.8767,3.3583,4.3333,5.35,183,5.5524,5.4147,5.6901,3.875,4.5083,5.375,7.0333,8.9167,0,16,16,15,16,14,12,10,47.5,0.505,0.66,0.0052,18.375,222.405,0.0763,200,25.26,24.5434,25.9766,16,20,24,32.1,45,20.0143,95.05,1659.095,875.065,1954.165,8.78,218.13,895.725,0.0542,0.3093,0.0387,1,0.915,17,0.4216,0.2794,0.5639,0.0192,0.0855,0.3942,0.8657,0.9333,200,32.14,46.285,31.1,0.9676
egg3-balanced-B,stage4,egg3,เทพ,Legendary,balanced,B,ตรามหาพร,greedy,200,0.82,0.7609,0.8671,164,0,0,0,0,0,0,0,0.18,0,0,0,0,0,0,0,0.21,0.21,0.3333,200,157.415,153.0525,161.7775,85,121,154,196.1,261,164,159,154.1383,163.8617,97,122,154,195.8,261,200,4.262,4.1599,4.3642,2.625,3.4233,4.1667,5.2258,6.6917,200,6.8856,6.7115,7.0598,4.0417,5.375,6.75,8.5,11.0417,164,4.2778,4.1632,4.3925,2.925,3.4133,4.1583,5.2775,6.6917,164,6.9278,6.7329,7.1228,4.5417,5.3875,6.75,8.4875,11.0417,0.0122,20,19.5,16,22.5,15,14,14,57,0.65,1.04,0.0066,29.45,336.295,0.0805,200,31.73,30.8159,32.6441,16,24,31,40,56,20.1569,125.835,1560.24,1122.55,1876.715,19.4,317.79,1087.33,0.0746,0.3743,0.0575,1,0.82,36,0.5476,0.4483,0.6468,0.0008,0.0454,0.6421,0.8921,0.9792,200,38.53,53.505,37.68,0.9779
egg3-balanced-B,stage4,egg3,เทพ,Legendary,balanced,B,ตรามหาพร,random,200,0.715,0.6488,0.7731,143,0,0,0,0,0,0,0.005,0.28,0,0,0,0.005,0,0,0.005,0.335,0.345,0.3188,200,164.98,159.7521,170.2079,92,124,161,221.2,325,143,166.6154,160.4593,172.7715,93,125,161,222.6,325,200,4.4837,4.3603,4.6071,2.6333,3.5325,4.3583,5.7417,8.2917,200,7.2333,7.0233,7.4434,4.1667,5.6208,7.0417,9.4583,13.7083,143,4.5034,4.3587,4.648,2.825,3.5533,4.3583,5.7417,8.2917,143,7.2803,7.0337,7.5269,4.375,5.6333,7.0833,9.4583,13.7083,0.0629,22,21.5,17,23,16,13,13,60,0.82,1.595,0.0097,45.23,387.945,0.1044,200,33.22,32.1364,34.3036,18,25,32.5,44,64,20.1358,124.735,1486.86,1162.885,1849.905,21.295,366.965,1110.975,0.0774,0.386,0.0548,0.995,0.7186,56,0.5275,0.4557,0.5992,0.0692,0.15,0.5262,0.8687,0.9967,199,40.9246,55.9246,40.1307,0.9806
egg3-control,control_stage1-3,egg3,เทพ,Legendary,balanced,A,,greedy-egg,200,0.35,0.2873,0.4184,70,0,0.005,0,0.09,0.01,0.005,0.005,0.535,0,0.01,0,0.13,0.01,0.005,0.005,0.595,0.755,0.298,200,123.52,118.4794,128.5606,30,75.9,122,171.1,211,70,152.1714,147.0627,157.2801,108,124.9,152.5,182.1,198,200,3.4763,3.3523,3.6004,0.9167,2.2667,3.4375,4.5958,5.4417,200,5.535,5.3278,5.7422,1.4167,3.4958,5.5208,7.4625,8.9583,70,4.1686,4.0551,4.2821,3.2,3.5033,4.1458,4.7933,5.125,70,6.7048,6.5078,6.9017,5,5.6167,6.6875,7.8,8.375,0,17,16,16,18,18,17,15,48,0.15,0.17,0.0014,3.815,511.515,0.0074,200,0,0,0,0,0,0,0,0,0,0,1157.03,0,1407.57,0,428.415,547.83,0,0,0,0.885,0.3955,107,0.75,0.6939,0.8061,0.0083,0.2008,0.8842,0.9842,1,177,26.7797,35.0508,25.5593,0.9544
egg3-control,control_stage1-3,egg3,เทพ,Legendary,balanced,A,,greedy,200,0.01,0.0027,0.0357,2,0.015,0.165,0.105,0.405,0.005,0.005,0.005,0.285,0.02,0.225,0.095,0.415,0.01,0,0.005,0.22,0.99,0.2879,200,99.505,92.3847,106.6253,18,34,91,159.2,294,2,229,223.12,234.88,226,226.6,229,231.4,232,200,2.7501,2.558,2.9423,0.6167,1.0167,2.4417,4.48,7.85,200,4.4085,4.098,4.7191,0.9167,1.5833,3.9583,7.1333,12.75,2,6.0583,5.5847,6.532,5.8167,5.865,6.0583,6.2517,6.3,2,9.875,9.3033,10.4467,9.5833,9.6417,9.875,10.1083,10.1667,0.5,24,22,22,18,24,19,26.5,18,0.065,0.075,0.0008,1.81,449.6,0.004,200,0,0,0,0,0,0,0,0,0,0,418.96,0,641.295,0,327.865,305.895,0,0,0,0.295,0.0339,57,0.8539,0.7987,0.9091,0.0383,0.6055,0.9508,0.9917,1,59,14.3051,19.2373,13.1356,0.9182
egg3-control,control_stage1-3,egg3,เทพ,Legendary,balanced,A,,random,200,0,0,0.0188,0,0.045,0.21,0.125,0.335,0.03,0.02,0.02,0.215,0.08,0.26,0.13,0.29,0.015,0.025,0.03,0.17,1,0.37,200,96.405,89.2739,103.5361,20,32.9,89,164.3,240,0,NaN,NaN,NaN,NaN,NaN,NaN,NaN,NaN,200,2.6468,2.4575,2.8361,0.6667,0.9892,2.3917,4.6767,6.3333,200,4.2535,3.9457,4.5613,1,1.5375,3.875,7.4583,10.3333,0,NaN,NaN,NaN,NaN,NaN,NaN,NaN,NaN,0,NaN,NaN,NaN,NaN,NaN,NaN,NaN,NaN,NaN,25,25,22,23.5,22,20,21,15,0.165,0.185,0.0019,4.13,443.765,0.0092,200,0,0,0,0,0,0,0,0,0,0,368.835,0,572.19,0,323.18,282.495,0,0,0,0.215,0,43,0.8604,0.8047,0.9162,0.365,0.514,0.9558,0.9942,1,43,14.4186,18.5581,14,0.971
egg3-math-A,stage4,egg3,เทพ,Legendary,math,A,รังสีพิพากษา,greedy-egg,200,0.715,0.6488,0.7731,143,0,0,0,0.025,0,0,0.005,0.255,0,0,0,0.045,0,0,0.005,0.31,0.36,0.3472,200,86.145,83.9214,88.3686,32,70.9,85,106,137,143,89.0769,86.9137,91.2401,58,74,87,108.6,136,200,2.5145,2.4608,2.5681,0.9667,2.1558,2.4833,3.025,3.5917,200,3.9502,3.8607,4.0397,1.5,3.3333,3.9167,4.7958,5.875,143,2.5789,2.5282,2.6296,1.8833,2.2617,2.5083,3.0383,3.5667,143,4.0635,3.9785,4.1486,2.9167,3.5,3.9583,4.8667,5.8333,0,10,10,10,14,10,8.5,8,31,0.185,0.19,0.0022,4.96,376.78,0.013,200,17.025,16.5681,17.4819,6,14,17,21,27,19.7632,430.52,1122.72,0,986.95,0,328.645,355.265,0.2772,0,0,0.97,0.7371,51,0.648,0.5653,0.7306,0.015,0.1375,0.7783,0.9325,0.9767,194,20.5979,27.4897,19.5928,0.9512
egg3-math-A,stage4,egg3,เทพ,Legendary,math,A,รังสีพิพากษา,greedy,200,0.235,0.1816,0.2984,47,0,0,0.04,0.215,0.025,0.01,0.015,0.46,0,0,0.06,0.275,0.02,0.015,0,0.455,0.825,0.3455,200,90.305,85.1054,95.5046,23,41,88,139.1,199,47,116.0426,107.7394,124.3457,69,84.4,113,153.6,186,200,2.6135,2.4728,2.7541,0.7417,1.1917,2.6125,3.87,5.3083,200,4.1185,3.892,4.3451,1.125,1.875,4.0625,6.1708,8.625,47,3.2628,3.0549,3.4707,2.0583,2.3667,3.225,4.26,4.8167,47,5.1968,4.8522,5.5414,3.2083,3.775,5.0417,6.8333,7.75,0,11,12,11.5,17,12.5,11,12,36,0.245,0.365,0.004,10.305,466.425,0.0216,200,18,16.9182,19.0818,4,8,18,29,42,19.9325,448.19,546.555,0,651.87,0,355.93,297.07,0.4506,0,0,0.695,0.3381,92,0.6582,0.599,0.7174,0.0167,0.1878,0.7567,0.9448,0.9767,139,23.7122,29.8489,22.9137,0.9663
egg3-math-A,stage4,egg3,เทพ,Legendary,math,A,รังสีพิพากษา,random,200,0.08,0.0498,0.126,16,0,0.005,0.08,0.36,0.035,0.03,0.02,0.39,0,0.01,0.11,0.425,0.025,0.035,0.01,0.32,0.935,0.3476,200,73.72,69.1937,78.2463,26,36.9,63.5,120.1,188,16,112.5,94.6418,130.3582,71,75.5,98.5,159.5,166,200,2.1438,2.0172,2.2704,0.8167,1.0892,1.9333,3.4008,4.8667,200,3.3725,3.1712,3.5738,1.25,1.7042,2.9375,5.3792,8,16,3.1667,2.6991,3.6342,2.2417,2.2625,2.8792,4.5583,4.8167,16,5.0417,4.2805,5.8028,3.4583,3.5625,4.5208,7.2083,7.5833,0,12,12.5,12,17,13,12,12,21,0.2,0.285,0.0039,7.45,389.61,0.0188,200,14.55,13.5968,15.5032,5,7,12,24,37,19.7368,355.23,320.74,0,402.64,0,259.01,189.08,0.5255,0,0,0.47,0.1702,78,0.775,0.7272,0.8227,0.05,0.5314,0.8725,0.9548,1,94,16,21.3085,15.4894,0.9681
egg3-math-B,stage4,egg3,เทพ,Legendary,math,B,ตราอนันต์,greedy-egg,200,0.835,0.7773,0.88,167,0,0,0,0,0,0,0,0.165,0,0,0,0,0,0,0,0.19,0.19,0.2632,200,128.845,125.3549,132.3351,73,98,128,163,207,167,127.0719,123.3478,130.7959,73,97,127,159,196,200,3.562,3.4824,3.6415,2.325,2.8742,3.5375,4.3925,5.3417,200,5.7094,5.5725,5.8462,3.5417,4.5375,5.6667,7.05,8.7917,167,3.5081,3.4239,3.5924,2.325,2.8383,3.5083,4.2283,5.0667,167,5.626,5.4806,5.7714,3.5417,4.4583,5.625,6.8833,8.3333,0,17,17.5,13,19,11.5,11,11,47,0.58,0.72,0.0056,19.625,260.905,0.07,200,25.685,24.9644,26.4056,15,19,25,33,41,19.9348,0,1706.995,744.865,2114.965,0,256.31,886.23,0,0.2605,0,1,0.835,33,0.4174,0.3188,0.5161,0.0017,0.0475,0.3575,0.8235,0.9533,200,31.41,42.175,30.655,0.976
egg3-math-B,stage4,egg3,เทพ,Legendary,math,B,ตราอนันต์,greedy,200,0.41,0.3442,0.4792,82,0,0,0,0,0.005,0,0.005,0.58,0,0,0,0,0.005,0,0.005,0.62,0.63,0.3968,200,197.95,190.1766,205.7234,99,127,192,277.1,433,82,199.7805,187.8263,211.7347,99,132,191,277.9,356,200,5.3679,5.1758,5.56,2.8083,3.7467,5.1958,7.3683,10.9917,200,8.6671,8.3459,8.9883,4.4583,5.9083,8.375,12.0458,18.2083,82,5.3299,5.0314,5.6284,2.8083,3.6825,5.05,7.3817,8.9,82,8.6596,8.1624,9.1567,4.4583,5.8417,8.25,12.0792,14.8333,0.3049,24.5,25,20,25,18,18,17,63,0.88,2.39,0.0121,67.31,525.65,0.1135,200,39.99,38.3499,41.6301,19,25.9,39,56,91,20.2021,0,1373.26,1159.71,2069.185,0,495.145,1285.11,0,0.3592,0,0.99,0.4141,116,0.5736,0.5211,0.6262,0.045,0.1475,0.6038,0.9308,1,198,47.3838,62.8131,46.8081,0.9878
egg3-math-B,stage4,egg3,เทพ,Legendary,math,B,ตราอนันต์,random,200,0.335,0.2732,0.403,67,0,0,0,0.025,0.01,0.005,0,0.625,0,0,0,0.045,0.005,0.005,0,0.675,0.73,0.3288,200,191.95,184.8244,199.0756,80,131.7,186,266.2,342,67,189.6866,179.5216,199.8516,119,139,186,252.2,283,200,5.2112,5.0344,5.3881,2.1667,3.665,5.0792,7.0592,8.8833,200,8.4104,8.1153,8.7055,3.5,5.9458,8.1458,11.45,14.5833,67,5.0979,4.8465,5.3493,3.3083,3.89,5.0083,6.4717,7.4167,67,8.2593,7.8394,8.6793,5.2917,6.2417,8.0833,10.675,12.125,0.1642,26,27,20,30,20.5,21,17,53,0.925,2.635,0.0137,73.51,521.97,0.1234,200,38.66,37.1627,40.1573,16,26,37,55,68,20.1407,0,1261.435,1121.14,1776.49,0,492.32,1174.29,0,0.3869,0,0.96,0.349,125,0.6385,0.5893,0.6877,0.0033,0.2117,0.7275,0.947,1,192,38.25,50.4688,37.7656,0.9873
egg3-science-A,stage4,egg3,เทพ,Legendary,science,A,พฤกษ์แปรทิพย์,greedy-egg,200,0.89,0.8391,0.9262,178,0,0,0,0,0,0,0,0.11,0,0,0,0,0,0,0,0.14,0.14,0.25,200,101.995,99.5316,104.4584,60,81,100,128.1,155,178,103.0449,100.4345,105.6554,61,82.7,101,129,155,200,2.879,2.8268,2.9313,2,2.4083,2.825,3.3917,3.875,200,4.579,4.4869,4.671,3,3.7917,4.4583,5.5042,6.4583,178,2.887,2.8313,2.9426,2.025,2.4083,2.8292,3.3917,3.875,178,4.6044,4.5065,4.7023,3.0417,3.8208,4.5,5.5417,6.4583,0,10,11,10,16,9.5,10,9,43,0.345,0.4,0.0039,11.355,298.22,0.0367,200,20.355,19.8483,20.8617,12,16,20,26,32,19.9569,266.19,1475.785,0,1753.41,0,291.395,612.795,0.1528,0,0,1,0.89,22,0.3775,0.266,0.489,0.035,0.1048,0.3083,0.7552,0.9317,200,28.18,37.6,27.275,0.9679
egg3-science-A,stage4,egg3,เทพ,Legendary,science,A,พฤกษ์แปรทิพย์,greedy,200,0.83,0.7718,0.8757,166,0,0,0,0.005,0,0,0,0.165,0,0,0,0.005,0,0,0,0.175,0.18,0.1944,200,105.635,103.2332,108.0368,45,88,103,130,161,166,106.4518,103.9307,108.9729,73,88,103,128.5,161,200,2.9609,2.9083,3.0134,1.2917,2.5333,2.9167,3.4375,4.1917,200,4.7215,4.6303,4.8126,2.0417,4,4.625,5.5833,6.875,166,2.9695,2.915,3.024,2.325,2.5417,2.9208,3.4542,4.1917,166,4.7437,4.6487,4.8388,3.5417,4,4.6667,5.5625,6.875,0,11,13,11,16,11,9.5,10,42,0.315,0.375,0.0035,10.65,351.44,0.0294,200,21.17,20.678,21.662,9,17,21,26,33,20.0407,273.2,1423.425,0,1739.16,0,335.195,580.765,0.161,0,0,0.995,0.8342,33,0.5174,0.4278,0.6071,0.0692,0.2,0.4442,0.9203,0.965,199,27.3769,37.0503,26.4322,0.9655
egg3-science-A,stage4,egg3,เทพ,Legendary,science,A,พฤกษ์แปรทิพย์,random,200,0.785,0.723,0.8363,157,0,0,0,0.01,0,0,0,0.205,0,0,0,0.01,0,0,0,0.275,0.285,0.4035,200,110.175,107.2877,113.0623,54,86,107,139,170,157,112.1338,109.0406,115.2269,75,88.6,109,139.8,170,200,3.1127,3.0484,3.177,1.5167,2.5908,3.0875,3.7142,4.4167,200,4.949,4.8374,5.0605,2.4167,4.0792,4.875,5.9667,7.25,157,3.1388,3.0709,3.2067,2.375,2.65,3.1,3.7083,4.4167,157,5.0077,4.8891,5.1263,3.625,4.15,4.9167,5.9917,7.25,0,13,13,11,17,11,10,10,46,0.53,0.645,0.0059,18.34,408.47,0.043,200,22.115,21.5054,22.7246,10,17,22,28,34,20.0726,286.69,1366.475,0,1660.83,0,388.395,571.31,0.1734,0,0,0.99,0.7929,41,0.4942,0.3985,0.5899,0.0217,0.0817,0.56,0.915,0.965,198,28.9091,39.4949,28.2424,0.9769
egg3-science-B,stage4,egg3,เทพ,Legendary,science,B,สวนทิพย์ผลิบาน,greedy-egg,200,0.505,0.4363,0.5735,101,0,0,0.005,0.035,0,0,0,0.455,0,0,0.005,0.045,0,0,0,0.485,0.535,0.271,200,121.31,118.0993,124.5207,43,96,122,152,180,101,124.0297,120.3051,127.7543,90,101,122,151,180,200,3.4052,3.3279,3.4826,1.2417,2.8158,3.4167,4.08,4.6667,200,5.4271,5.2973,5.5568,1.9583,4.4167,5.4792,6.5833,7.6667,101,3.4324,3.3471,3.5177,2.7333,2.9083,3.4,4.0167,4.6667,101,5.4996,5.3536,5.6456,4.25,4.625,5.4167,6.5833,7.6667,0,17,17,15,20,15,14.5,11,39,0.54,0.75,0.0062,21.03,503.25,0.0401,200,24.155,23.4882,24.8218,8,19,24,30,37,19.9118,0,1429.26,0,1952.68,0,450.575,535.045,0,0,0,0.96,0.526,91,0.5732,0.5081,0.6382,0.055,0.1458,0.5792,0.9742,0.995,192,24.8125,34.8021,24.125,0.9723
egg3-science-B,stage4,egg3,เทพ,Legendary,science,B,สวนทิพย์ผลิบาน,greedy,200,0.15,0.1071,0.2061,30,0,0.005,0.015,0.27,0.015,0.01,0.005,0.53,0,0.015,0.035,0.305,0.015,0.015,0.01,0.49,0.885,0.3164,200,130.575,125.0686,136.0814,40,80,133,180.1,269,30,148.5667,140.6222,156.5111,110,132.6,144,171.5,233,200,3.6202,3.4725,3.7679,1.1667,2.1667,3.7333,4.9167,7.0583,200,5.7965,5.5576,6.0353,1.8333,3.5,5.9375,7.8417,11.5417,30,4.0919,3.8872,4.2967,3.0833,3.6417,3.9917,4.7875,6.1583,30,6.5681,6.2321,6.9041,4.9167,5.8583,6.3958,7.6458,10.0417,0.0333,24,23,21,22.5,19,18,17,30.5,0.505,0.865,0.0066,23.72,595.325,0.0383,200,25.92,24.7834,27.0566,8,15.9,26,36,54,19.8507,0,877.58,0,1544.13,0,492.745,465.87,0,0,0,0.68,0.2206,106,0.7169,0.6591,0.7747,0.0275,0.1792,0.8571,0.9883,1,136,20.6765,27.7574,20.125,0.9733
egg3-science-B,stage4,egg3,เทพ,Legendary,science,B,สวนทิพย์ผลิบาน,random,200,0.065,0.0384,0.108,13,0.005,0.05,0.025,0.295,0.045,0.02,0.01,0.485,0.01,0.06,0.04,0.34,0.04,0.015,0.01,0.43,0.945,0.3333,200,116.075,110.8273,121.3227,28,68.8,116,170.1,204,13,146.0769,134.162,157.9918,123,123.4,141,178.2,193,200,3.2394,3.0949,3.3839,0.8667,1.8867,3.3375,4.6092,5.475,200,5.174,4.9427,5.4052,1.3333,3.0333,5.2917,7.4583,8.8333,13,3.9724,3.6884,4.2565,3.4083,3.4817,3.875,4.8417,5.05,13,6.4071,5.9285,6.8856,5.4583,5.5583,6.125,7.8583,8.2083,0,25,22,20,21,21,18,16,24,0.585,0.955,0.0082,26.395,543.46,0.0463,200,23.07,21.9886,24.1514,5,13.9,23,34,41,19.8751,0,689.09,0,1176.86,0,434.755,372.73,0,0,0,0.55,0.1182,97,0.7555,0.7033,0.8077,0.0433,0.4057,0.8592,0.99,1,110,16.7091,22.6,16.3,0.9755
egg4-balanced-A,stage4,egg4,ธาร,Rare,balanced,A,พายุหิมะ,greedy-egg,200,0,0,0.0188,0,0.1,0.515,0.305,0.065,0.005,0.005,0,0.005,0.15,0.54,0.245,0.05,0.005,0.005,0,0.005,1,0.36,200,230.76,215.7379,245.7821,39,96.7,225,393.6,523,0,NaN,NaN,NaN,NaN,NaN,NaN,NaN,NaN,200,5.939,5.5627,6.3153,1.1417,2.5842,5.7917,10.0067,13.2417,200,9.785,9.1584,10.4116,1.7917,4.1958,9.5417,16.5667,21.9583,0,NaN,NaN,NaN,NaN,NaN,NaN,NaN,NaN,0,NaN,NaN,NaN,NaN,NaN,NaN,NaN,NaN,NaN,103,96.5,40,20.5,5,7,NaN,7,0.725,1.57,0.0068,40.86,359.3,0.1021,200,45.815,42.8029,48.8271,7,18.9,44.5,78.1,104,19.854,0,157.56,0,2960.935,0,269.475,799.36,0,0,0,0.005,0,1,0.975,0.975,0.975,0.975,0.975,0.975,0.975,0.975,1,2,2,2,1
egg4-balanced-A,stage4,egg4,ธาร,Rare,balanced,A,พายุหิมะ,greedy,200,0,0,0.0188,0,0.01,0.225,0.185,0.42,0.03,0.01,0.015,0.105,0.02,0.3,0.185,0.395,0.025,0.01,0.01,0.055,1,0.355,200,168.085,153.9397,182.2303,25,44,160,278.5,705,0,NaN,NaN,NaN,NaN,NaN,NaN,NaN,NaN,200,4.4121,4.0535,4.7707,0.7917,1.2667,4.2042,7.2517,17.9583,200,7.2135,6.6193,7.8078,1.2083,2,6.8958,11.975,29.7083,0,NaN,NaN,NaN,NaN,NaN,NaN,NaN,NaN,0,NaN,NaN,NaN,NaN,NaN,NaN,NaN,NaN,NaN,49,43,35,35,27,19,28.5,33,0.435,1.065,0.0063,28.28,559.63,0.0481,200,33.42,30.5553,36.2847,5,8,31.5,57.1,141,19.8828,0,300.55,0,1193.705,0,450.96,499.155,0,0,0,0.105,0,21,0.9042,0.8665,0.9419,0.725,0.78,0.9308,0.9933,0.9942,21,14.2857,20.3333,13.8571,0.97
egg4-balanced-A,stage4,egg4,ธาร,Rare,balanced,A,พายุหิมะ,random,200,0,0,0.0188,0,0.105,0.34,0.185,0.29,0.005,0.015,0,0.06,0.13,0.4,0.175,0.24,0.01,0.005,0,0.04,1,0.335,200,139.935,127.3403,152.5297,24,36,121,274.4,428,0,NaN,NaN,NaN,NaN,NaN,NaN,NaN,NaN,200,3.6884,3.3685,4.0083,0.7667,1.0667,3.1917,7.1217,10.8667,200,6.0206,5.4909,6.5503,1.1667,1.6667,5.2083,11.7583,18,0,NaN,NaN,NaN,NaN,NaN,NaN,NaN,NaN,0,NaN,NaN,NaN,NaN,NaN,NaN,NaN,NaN,NaN,49,45,34,23.5,13,22,27,25,0.495,1.045,0.0075,28.19,466.13,0.057,200,27.805,25.2398,30.3702,4,7,23.5,55.1,85,19.8699,0,229.225,0,952.435,0,361.225,400.845,0,0,0,0.06,0,12,0.9309,0.8821,0.9797,0.7025,0.8543,0.9554,0.9997,1,12,12.3333,15.3333,12.3333,1
egg4-balanced-B,stage4,egg4,ธาร,Rare,balanced,B,ผลึกเหมันต์พิทักษ์,greedy-egg,200,0,0,0.0188,0,0.16,0.525,0.21,0.08,0,0.005,0.01,0.01,0.19,0.555,0.175,0.06,0.005,0,0.01,0.005,1,0.31,200,224.53,207.6216,241.4384,31,83,202,389.4,578,0,NaN,NaN,NaN,NaN,NaN,NaN,NaN,NaN,200,5.7857,5.3617,6.2098,0.9417,2.2417,5.2167,10.05,14.6167,200,9.5279,8.8221,10.2338,1.4583,3.625,8.5833,16.4292,24.25,0,NaN,NaN,NaN,NaN,NaN,NaN,NaN,NaN,0,NaN,NaN,NaN,NaN,NaN,NaN,NaN,NaN,NaN,103,92.5,68,36,30,26,13,43.5,0.65,1.45,0.0065,37.52,364.105,0.0934,200,44.545,41.1437,47.9463,6,16,40,78.3,115,19.8392,0,159.735,0,2859.59,0,273.53,811.39,0,0,0,0.01,0,2,0.7567,0.3287,1.1846,0.5383,0.582,0.7567,0.9313,0.975,2,22,22.5,21.5,0.9773
egg4-balanced-B,stage4,egg4,ธาร,Rare,balanced,B,ผลึกเหมันต์พิทักษ์,greedy,200,0,0,0.0188,0,0.005,0.25,0.145,0.42,0.02,0.015,0.03,0.115,0.015,0.305,0.175,0.385,0.015,0.005,0.02,0.08,1,0.315,200,176.415,163.2403,189.5897,26,48.8,172,298.3,417,0,NaN,NaN,NaN,NaN,NaN,NaN,NaN,NaN,200,4.6262,4.2903,4.9621,0.8167,1.3867,4.4792,7.7217,10.925,200,7.5665,7.0111,8.1218,1.25,2.2,7.3333,12.7125,17.875,0,NaN,NaN,NaN,NaN,NaN,NaN,NaN,NaN,0,NaN,NaN,NaN,NaN,NaN,NaN,NaN,NaN,NaN,49,41,40,40,21,26,25,19,0.48,1.065,0.006,28.765,568.18,0.0482,200,35.125,32.4452,37.8048,5,9,34,61,84,19.9104,0,313.545,0,1322.095,0,462.055,540.965,0,0,0,0.115,0,23,0.9146,0.8733,0.9558,0.6542,0.7687,0.9392,1,1,23,15.913,19.2609,15.5652,0.9781
egg4-balanced-B,stage4,egg4,ธาร,Rare,balanced,B,ผลึกเหมันต์พิทักษ์,random,200,0,0,0.0188,0,0.095,0.325,0.195,0.315,0,0.02,0.005,0.045,0.125,0.4,0.175,0.265,0,0.005,0.005,0.025,1,0.325,200,140.875,128.4947,153.2553,26,38.9,125,260.4,477,0,NaN,NaN,NaN,NaN,NaN,NaN,NaN,NaN,200,3.7085,3.3954,4.0217,0.8167,1.1392,3.3542,6.6767,12.2583,200,6.0565,5.537,6.5759,1.25,1.7875,5.4792,11.0167,20.2083,0,NaN,NaN,NaN,NaN,NaN,NaN,NaN,NaN,0,NaN,NaN,NaN,NaN,NaN,NaN,NaN,NaN,NaN,49,45,31,21,85.5,22.5,41,13,0.48,1.145,0.0081,30.745,465.75,0.0619,200,27.81,25.3181,30.3019,5,7,24,52,95,19.7409,0,233.19,0,924.22,0,363.15,396.905,0,0,0,0.045,0,9,0.9267,0.8646,0.9888,0.7258,0.7945,0.9517,1,1,9,10.4444,19.7778,10.2222,0.9787
egg4-control,control_stage1-3,egg4,ธาร,Rare,balanced,A,,greedy-egg,200,0,0,0.0188,0,0.29,0.555,0.14,0.015,0,0,0,0,0.385,0.48,0.13,0.005,0,0,0,0,1,0.35,200,144.15,132.6478,155.6522,38,57,126,266.1,414,0,NaN,NaN,NaN,NaN,NaN,NaN,NaN,NaN,200,3.7704,3.4829,4.058,1.1167,1.5917,3.3167,6.8192,10.5167,200,6.1729,5.6937,6.6522,1.75,2.5417,5.4167,11.2542,17.4167,0,NaN,NaN,NaN,NaN,NaN,NaN,NaN,NaN,0,NaN,NaN,NaN,NaN,NaN,NaN,NaN,NaN,NaN,90,43,23,31,NaN,NaN,NaN,NaN,0.335,0.46,0.0032,10.52,285.41,0.0355,200,0,0,0,0,0,0,0,0,0,0,106.815,0,1752.675,0,178.725,583.25,0,0,0,0,NaN,0,NaN,NaN,NaN,NaN,NaN,NaN,NaN,NaN,0,NaN,NaN,NaN,0
egg4-control,control_stage1-3,egg4,ธาร,Rare,balanced,A,,greedy,200,0,0,0.0188,0,0.07,0.405,0.165,0.335,0,0.005,0,0.02,0.11,0.49,0.155,0.235,0.005,0,0,0.005,1,0.35,200,116.22,106.5671,125.8729,16,36,106.5,215,338,0,NaN,NaN,NaN,NaN,NaN,NaN,NaN,NaN,200,3.0797,2.8368,3.3225,0.5667,1.0667,2.8292,5.5692,8.7833,200,5.0167,4.6129,5.4204,0.8333,1.6667,4.6042,9.1708,14.4167,0,NaN,NaN,NaN,NaN,NaN,NaN,NaN,NaN,0,NaN,NaN,NaN,NaN,NaN,NaN,NaN,NaN,NaN,45,35.5,35,16,76.5,8,31.5,11.5,0.16,0.175,0.0015,4,417.295,0.0095,200,0,0,0,0,0,0,0,0,0,0,208.595,0,809.595,0,300.685,369.73,0,0,0,0.02,0,4,0.8731,0.6898,1.0565,0.5925,0.7045,0.9663,0.9673,0.9675,4,5,7.25,4.25,0.85
egg4-control,control_stage1-3,egg4,ธาร,Rare,balanced,A,,random,200,0,0,0.0188,0,0.25,0.38,0.215,0.14,0.005,0.01,0,0,0.35,0.41,0.125,0.105,0,0.01,0,0,1,0.35,200,93.11,84.16,102.06,16,26,75,179.1,322,0,NaN,NaN,NaN,NaN,NaN,NaN,NaN,NaN,200,2.4961,2.2719,2.7202,0.5667,0.8167,2.0417,4.6442,8.2167,200,4.0479,3.6746,4.4212,0.8333,1.25,3.2917,7.6292,13.5833,0,NaN,NaN,NaN,NaN,NaN,NaN,NaN,NaN,0,NaN,NaN,NaN,NaN,NaN,NaN,NaN,NaN,NaN,44.5,34.5,20,12,3,15.5,NaN,NaN,0.24,0.405,0.0043,9.645,346.785,0.0271,200,0,0,0,0,0,0,0,0,0,0,150.01,0,589.955,0,236.23,282.19,0,0,0,0,NaN,0,NaN,NaN,NaN,NaN,NaN,NaN,NaN,NaN,0,NaN,NaN,NaN,0
egg4-math-A,stage4,egg4,ธาร,Rare,math,A,คมผลึกเยือกแข็ง,greedy-egg,200,0,0,0.0188,0,0,0.07,0.23,0.51,0.03,0.02,0.025,0.115,0,0.105,0.27,0.475,0.02,0.025,0.015,0.09,1,0.27,200,109.675,102.7659,116.5841,25,51.8,101,180.1,260,0,NaN,NaN,NaN,NaN,NaN,NaN,NaN,NaN,200,2.956,2.7732,3.1388,0.7917,1.4617,2.6917,4.7358,6.8333,200,4.784,4.4862,5.0817,1.2083,2.325,4.375,7.75,11.1667,0,NaN,NaN,NaN,NaN,NaN,NaN,NaN,NaN,0,NaN,NaN,NaN,NaN,NaN,NaN,NaN,NaN,NaN,25,30,25,23,24.5,24,15.5,19,0.145,0.195,0.0018,4.525,266.8,0.0167,200,21.715,20.2995,23.1305,5,10,20,36,55,19.7994,262.64,84.51,0,1137.07,0,135.955,432.385,0.7566,0,0,0.115,0,23,0.9191,0.8781,0.9601,0.6333,0.795,0.9533,0.9908,1,23,8.2609,10.6087,7.913,0.9579
egg4-math-A,stage4,egg4,ธาร,Rare,math,A,คมผลึกเยือกแข็ง,greedy,200,0,0,0.0188,0,0,0.13,0.18,0.405,0.02,0.02,0.02,0.225,0,0.195,0.19,0.395,0.02,0.02,0.02,0.16,1,0.33,200,96.67,89.3399,104.0001,23,37,86,176.1,265,0,NaN,NaN,NaN,NaN,NaN,NaN,NaN,NaN,200,2.6568,2.4599,2.8536,0.7417,1.0917,2.3167,4.8125,6.9583,200,4.2679,3.9491,4.5868,1.125,1.7083,3.75,7.7542,11.375,0,NaN,NaN,NaN,NaN,NaN,NaN,NaN,NaN,0,NaN,NaN,NaN,NaN,NaN,NaN,NaN,NaN,NaN,23,23,21.5,24,23.5,20.5,24,19,0.16,0.27,0.0028,6.905,393.235,0.0173,200,19.12,17.6157,20.6243,4,7,17,36,53,19.7786,227.91,157.41,0,637.33,0,262.955,303.86,0.5915,0,0,0.225,0,45,0.8914,0.8614,0.9215,0.5167,0.8048,0.9233,0.9717,1,45,12.6222,17.8,12.2222,0.9683
egg4-math-A,stage4,egg4,ธาร,Rare,math,A,คมผลึกเยือกแข็ง,random,200,0,0,0.0188,0,0,0.305,0.215,0.36,0.02,0.005,0,0.095,0,0.41,0.225,0.315,0.01,0.01,0,0.03,1,0.325,200,73.6,67.484,79.716,21,27.9,66.5,121.1,268,0,NaN,NaN,NaN,NaN,NaN,NaN,NaN,NaN,200,2.0408,1.8788,2.2029,0.6917,0.8642,1.8292,3.2467,6.8667,200,3.2675,3.0037,3.5313,1.0417,1.3292,2.9375,5.2625,11.3333,0,NaN,NaN,NaN,NaN,NaN,NaN,NaN,NaN,0,NaN,NaN,NaN,NaN,NaN,NaN,NaN,NaN,NaN,23,21,21,16,20,29,27,12,0.145,0.29,0.0039,7.47,312.31,0.0234,200,14.375,13.1127,15.6373,4,5,13,24.1,53,19.5313,169.71,103.16,0,385.87,0,185.855,200.025,0.6219,0,0,0.095,0,19,0.9174,0.8776,0.9572,0.6133,0.835,0.9392,0.9822,0.9875,19,9.7895,11.9474,9.1579,0.9355
egg4-math-B,stage4,egg4,ธาร,Rare,math,B,ปราการน้ำแข็ง,greedy-egg,200,0,0,0.0188,0,0.015,0.29,0.285,0.27,0.01,0.005,0.005,0.12,0.035,0.32,0.285,0.25,0.01,0.005,0,0.095,1,0.315,200,359.55,338.9386,380.1614,82,173.9,331.5,550.6,843,0,NaN,NaN,NaN,NaN,NaN,NaN,NaN,NaN,200,9.1937,8.6758,9.7117,2.2167,4.5142,8.5417,13.9317,21.2417,200,15.1862,14.3249,16.0476,3.5833,7.4125,14.125,23.1083,35.2917,0,NaN,NaN,NaN,NaN,NaN,NaN,NaN,NaN,0,NaN,NaN,NaN,NaN,NaN,NaN,NaN,NaN,NaN,105.5,137,84,44,24,26,28,37.5,0.935,3.62,0.0101,97.44,388.615,0.2005,200,71.795,67.5949,75.9951,16,34,66,112.2,176,19.968,0,300.475,1646.285,4783.325,0,354.9,1840.12,0,0.256,0,0.12,0,24,0.808,0.7513,0.8646,0.4425,0.634,0.8087,0.9786,1,24,23.4167,35.6667,22.9583,0.9804
egg4-math-B,stage4,egg4,ธาร,Rare,math,B,ปราการน้ำแข็ง,greedy,200,0.015,0.0051,0.0432,3,0,0.01,0.055,0.255,0.015,0.03,0.02,0.6,0,0.015,0.065,0.295,0.02,0.035,0.02,0.545,0.995,0.3467,200,289.08,272.8062,305.3538,59,166.8,280,432.7,1023,3,411.6667,313.9,509.4334,354,357.2,370,482.8,511,200,7.5953,7.1827,8.0079,1.6417,4.51,7.3958,11.3008,25.9083,200,12.4133,11.7298,13.0968,2.625,7.3542,11.9583,18.5125,42.9583,3,10.6806,8.2798,13.0813,9.1833,9.2967,9.75,12.4367,13.1083,3,17.5417,13.5123,21.571,15.0833,15.25,15.9167,20.4833,21.625,1,49,49.5,42.5,58,27,26.5,21,45,0.84,3.18,0.011,85.68,654.47,0.1158,200,58.255,54.8325,61.6775,11,33,56,89,212,20.1519,0,682.235,1307.165,2294.11,0,599.87,1591.2,0,0.363,0,0.615,0.0244,120,0.7804,0.7432,0.8177,0.0408,0.5218,0.8429,0.9818,1,123,33.4959,43.7236,33.0407,0.9864
egg4-math-B,stage4,egg4,ธาร,Rare,math,B,ปราการน้ำแข็ง,random,200,0.005,0.0009,0.0278,1,0,0.06,0.115,0.37,0.025,0.015,0.015,0.395,0.005,0.08,0.145,0.365,0.035,0.015,0.01,0.34,0.995,0.3367,200,236.23,222.5961,249.8639,47,123.9,233,346.7,811,1,258,258,258,258,258,258,258,258,200,6.2149,5.8663,6.5635,1.3417,3.2642,6.2208,9.1433,20.775,200,10.1521,9.5766,10.7276,2.125,5.3292,10.125,14.8542,34.2917,1,6.95,6.95,6.95,6.95,6.95,6.95,6.95,6.95,1,11.25,11.25,11.25,11.25,11.25,11.25,11.25,11.25,1,50.5,53,38,47,19,18,18.5,30,0.85,3.02,0.0128,81.685,531.12,0.1333,200,47.265,44.4687,50.0613,9,24,47,71,164,20.008,0,505.46,1055.195,1674.315,0,471.9,1225.66,0,0.3866,0,0.4,0.0125,79,0.8307,0.7974,0.8641,0.4392,0.5882,0.87,0.988,1,80,23.475,29.425,23.1375,0.9856
egg4-science-A,stage4,egg4,ธาร,Rare,science,A,คำรามเยือกสะท้าน,greedy-egg,200,0,0,0.0188,0,0.03,0.28,0.31,0.305,0.03,0.005,0,0.04,0.035,0.39,0.29,0.23,0.02,0,0,0.035,1,0.36,200,132.475,123.9495,141.0005,31,61,120,214.3,389,0,NaN,NaN,NaN,NaN,NaN,NaN,NaN,NaN,200,3.491,3.2742,3.7079,0.9417,1.6917,3.1667,5.5242,9.8917,200,5.699,5.34,6.0579,1.4583,2.7083,5.1667,9.0958,16.375,0,NaN,NaN,NaN,NaN,NaN,NaN,NaN,NaN,0,NaN,NaN,NaN,NaN,NaN,NaN,NaN,NaN,NaN,47,49,31,22.5,13.5,24,33,21,0.265,0.29,0.0022,7.53,289.97,0.0253,200,26.185,24.4584,27.9116,6,12,23.5,44.1,77,19.766,147.61,97.18,0,1515.67,0,162.325,526.33,0.603,0,0,0.04,0,8,0.9549,0.9263,0.9835,0.8892,0.902,0.9667,0.9959,1,8,9.25,13.625,9.125,0.9865
egg4-science-A,stage4,egg4,ธาร,Rare,science,A,คำรามเยือกสะท้าน,greedy,200,0,0,0.0188,0,0.02,0.27,0.165,0.48,0.005,0.01,0.015,0.035,0.03,0.42,0.14,0.38,0,0.005,0.005,0.02,1,0.415,200,132.25,122.2446,142.2554,24,43,129.5,223.1,419,0,NaN,NaN,NaN,NaN,NaN,NaN,NaN,NaN,200,3.4913,3.2386,3.7439,0.7667,1.2417,3.4417,5.7442,10.6417,200,5.6954,5.2761,6.1147,1.1667,1.9583,5.625,9.4625,17.625,0,NaN,NaN,NaN,NaN,NaN,NaN,NaN,NaN,0,NaN,NaN,NaN,NaN,NaN,NaN,NaN,NaN,NaN,42,40.5,34.5,20,31.5,19.5,17,21,0.28,0.52,0.0039,13.575,485.125,0.0272,200,26.09,24.0632,28.1168,4,8,25,44.1,83,19.7278,46.625,215.725,0,921.14,0,360.765,420.19,0.1777,0,0,0.035,0,7,0.8814,0.7852,0.9776,0.7017,0.7122,0.945,0.994,1,7,10.5714,10.8571,10,0.9459
egg4-science-A,stage4,egg4,ธาร,Rare,science,A,คำรามเยือกสะท้าน,random,200,0,0,0.0188,0,0.13,0.4,0.2,0.235,0,0,0,0.035,0.17,0.465,0.17,0.165,0,0,0,0.03,1,0.305,200,100.035,91.5139,108.5561,21,31,87,185.1,281,0,NaN,NaN,NaN,NaN,NaN,NaN,NaN,NaN,200,2.6817,2.4651,2.8983,0.6917,0.9417,2.3417,4.8167,7.3417,200,4.349,3.9904,4.7075,1.0417,1.4583,3.7917,7.9167,11.875,0,NaN,NaN,NaN,NaN,NaN,NaN,NaN,NaN,0,NaN,NaN,NaN,NaN,NaN,NaN,NaN,NaN,NaN,44,33,27,12,46.5,NaN,29.5,9,0.33,0.53,0.0053,14.22,383.73,0.0357,200,19.58,17.8699,21.2901,4,6,17,36.1,56,19.5731,29.955,160.23,0,606.35,0,264.92,295.115,0.1575,0,0,0.035,0,7,0.9437,0.8685,1.0188,0.7167,0.8592,0.9792,1,1,7,6.5714,6.1429,6.1429,0.9348
egg4-science-B,stage4,egg4,ธาร,Rare,science,B,ธารเย็นหล่อเลี้ยง,greedy-egg,200,0,0,0.0188,0,0.005,0.16,0.225,0.47,0,0.02,0.015,0.105,0.005,0.175,0.255,0.45,0,0.015,0.015,0.085,1,0.345,200,424.9,406.0653,443.7347,101,247.3,428,588.1,836,0,NaN,NaN,NaN,NaN,NaN,NaN,NaN,NaN,200,10.8283,10.3549,11.3018,2.6917,6.3492,10.8667,14.8692,21.4,200,17.91,17.1227,18.6973,4.375,10.4708,18,24.6708,35.3333,0,NaN,NaN,NaN,NaN,NaN,NaN,NaN,NaN,0,NaN,NaN,NaN,NaN,NaN,NaN,NaN,NaN,NaN,107,140,107,59.5,37,31,38,35,0.99,5.425,0.0128,148.515,855.1,0.148,200,85.12,81.2898,88.9502,20,48.9,86,118.1,180,20.0329,0,330.965,862.79,5867.61,573.72,295.385,1814.385,0,0.1282,0.6601,0.105,0,21,0.8066,0.7265,0.8868,0.38,0.5625,0.865,0.975,1,21,25.5238,31.4762,25.0952,0.9832
egg4-science-B,stage4,egg4,ธาร,Rare,science,B,ธารเย็นหล่อเลี้ยง,greedy,200,0,0,0.0188,0,0.01,0.185,0.145,0.495,0.015,0.01,0.01,0.13,0.015,0.25,0.17,0.46,0.005,0.01,0.01,0.08,1,0.33,200,177.9,165.2536,190.5464,24,44.9,172,305.4,381,0,NaN,NaN,NaN,NaN,NaN,NaN,NaN,NaN,200,4.6608,4.3386,4.983,0.7667,1.2892,4.4792,7.9067,9.8583,200,7.6258,7.093,8.1587,1.1667,2.0375,7.3542,12.9667,16.2083,0,NaN,NaN,NaN,NaN,NaN,NaN,NaN,NaN,0,NaN,NaN,NaN,NaN,NaN,NaN,NaN,NaN,NaN,49,43,38,26.5,34,33.5,25,21.5,0.505,0.985,0.0055,26.06,656.645,0.0382,200,35.435,32.8516,38.0184,4,8.9,34,61.2,79,19.9185,0,324.325,64.59,1332.96,112.605,433.955,602.17,0,0.0462,0.206,0.13,0,26,0.8993,0.8558,0.9428,0.595,0.7379,0.955,1,1,26,13.6154,17.6923,13.1154,0.9633
egg4-science-B,stage4,egg4,ธาร,Rare,science,B,ธารเย็นหล่อเลี้ยง,random,200,0,0,0.0188,0,0.09,0.33,0.19,0.33,0.01,0.01,0.01,0.03,0.1,0.395,0.205,0.27,0.005,0.005,0.01,0.01,1,0.315,200,139.675,128.178,151.172,21,38,129.5,251.1,362,0,NaN,NaN,NaN,NaN,NaN,NaN,NaN,NaN,200,3.671,3.3811,3.961,0.6917,1.1167,3.4042,6.4442,9.3833,200,5.999,5.5175,6.4804,1.0417,1.75,5.5625,10.6292,15.4167,0,NaN,NaN,NaN,NaN,NaN,NaN,NaN,NaN,0,NaN,NaN,NaN,NaN,NaN,NaN,NaN,NaN,NaN,49,46.5,36.5,18,24,21,14.5,12,0.515,1.075,0.0077,28.97,513.945,0.0534,200,27.64,25.3098,29.9702,4,7,25.5,50,72,19.7888,0,226.115,35.265,946.085,77.63,333.505,434.725,0,0.0359,0.1888,0.03,0,6,0.9428,0.8765,1.009,0.7825,0.8542,0.9771,0.9971,1,6,9.6667,17.1667,8.5,0.8793
egg5-balanced-A,stage4,egg5,นภา,Epic,balanced,A,อัสนีแปรรูน,greedy-egg,200,0,0,0.0188,0,0.015,0.895,0.09,0,0,0,0,0,0.02,0.98,0,0,0,0,0,0,1,0.39,200,22.165,21.6262,22.7038,16,18,21,28,33,0,NaN,NaN,NaN,NaN,NaN,NaN,NaN,NaN,200,0.7208,0.7073,0.7343,0.5667,0.6167,0.6917,0.8667,0.9917,200,1.0902,1.0678,1.1127,0.8333,0.9167,1.0417,1.3333,1.5417,0,NaN,NaN,NaN,NaN,NaN,NaN,NaN,NaN,0,NaN,NaN,NaN,NaN,NaN,NaN,NaN,NaN,NaN,14,6,3,NaN,NaN,NaN,NaN,NaN,0,0,0,0,141.11,0,200,4.935,4.784,5.086,3,4,5,6,8,22.2648,45.16,73.515,0,6.995,0,6.25,6.39,0.3805,0,0,0,NaN,0,NaN,NaN,NaN,NaN,NaN,NaN,NaN,NaN,0,NaN,NaN,NaN,0
egg5-balanced-A,stage4,egg5,นภา,Epic,balanced,A,อัสนีแปรรูน,greedy,200,0,0,0.0188,0,0,0.795,0.17,0.035,0,0,0,0,0,0.95,0.03,0.02,0,0,0,0,1,0.345,200,28.725,27.2892,30.1608,17,19,26,40,85,0,NaN,NaN,NaN,NaN,NaN,NaN,NaN,NaN,200,0.8848,0.8489,0.9207,0.5917,0.6417,0.8167,1.1667,2.2917,200,1.3635,1.3037,1.4234,0.875,0.9583,1.25,1.8333,3.7083,0,NaN,NaN,NaN,NaN,NaN,NaN,NaN,NaN,0,NaN,NaN,NaN,NaN,NaN,NaN,NaN,NaN,NaN,17,9,6,6,NaN,NaN,NaN,NaN,0,0,0,0,168.21,0,200,6.24,5.9071,6.5729,3,4,6,9,19,21.7232,55.95,82.7,0,33.765,0,36.01,24.65,0.4035,0,0,0,NaN,0,NaN,NaN,NaN,NaN,NaN,NaN,NaN,NaN,0,NaN,NaN,NaN,0
egg5-balanced-A,stage4,egg5,นภา,Epic,balanced,A,อัสนีแปรรูน,random,200,0,0,0.0188,0,0.03,0.905,0.065,0,0,0,0,0,0.065,0.92,0.015,0,0,0,0,0,1,0.325,200,26.175,25.1979,27.1521,16,19,24,36.1,54,0,NaN,NaN,NaN,NaN,NaN,NaN,NaN,NaN,200,0.821,0.7966,0.8455,0.5667,0.6417,0.7667,1.0692,1.5167,200,1.2573,1.2166,1.298,0.8333,0.9583,1.1667,1.6708,2.4167,0,NaN,NaN,NaN,NaN,NaN,NaN,NaN,NaN,0,NaN,NaN,NaN,NaN,NaN,NaN,NaN,NaN,NaN,17,8,4,NaN,NaN,NaN,NaN,NaN,0,0,0,0,159.385,0,200,5.545,5.3181,5.7719,3,4,5,8,12,21.1843,50.39,67.155,0,23.82,0,28.345,18.145,0.4287,0,0,0,NaN,0,NaN,NaN,NaN,NaN,NaN,NaN,NaN,NaN,0,NaN,NaN,NaN,0
egg5-balanced-B,stage4,egg5,นภา,Epic,balanced,B,อัสนีประสานฟ้า,greedy-egg,200,0,0,0.0188,0,0,0.215,0.56,0.225,0,0,0,0,0,0.285,0.67,0.045,0,0,0,0,1,0.33,200,28.665,27.6431,29.6869,17,20.9,28,37.1,61,0,NaN,NaN,NaN,NaN,NaN,NaN,NaN,NaN,200,0.8833,0.8577,0.9088,0.5917,0.6892,0.8667,1.0942,1.6917,200,1.361,1.3185,1.4036,0.875,1.0375,1.3333,1.7125,2.7083,0,NaN,NaN,NaN,NaN,NaN,NaN,NaN,NaN,0,NaN,NaN,NaN,NaN,NaN,NaN,NaN,NaN,NaN,10.5,10,6,6,NaN,NaN,NaN,NaN,0,0,0,0,161.125,0,200,5.975,5.739,6.211,3,4,6,8,13,20.8442,144.095,78.41,0,24.27,0,28.245,19.625,0.6476,0,0,0,NaN,0,NaN,NaN,NaN,NaN,NaN,NaN,NaN,NaN,0,NaN,NaN,NaN,0
egg5-balanced-B,stage4,egg5,นภา,Epic,balanced,B,อัสนีประสานฟ้า,greedy,200,0,0,0.0188,0,0,0.2,0.37,0.345,0.015,0,0.01,0.06,0,0.285,0.435,0.25,0,0,0.005,0.025,1,0.34,200,46.915,43.3894,50.4406,19,25,39,79,157,0,NaN,NaN,NaN,NaN,NaN,NaN,NaN,NaN,200,1.3579,1.2632,1.4526,0.6417,0.7917,1.1417,2.1417,4.2583,200,2.1398,1.9864,2.2931,0.9583,1.2083,1.7917,3.4583,6.875,0,NaN,NaN,NaN,NaN,NaN,NaN,NaN,NaN,0,NaN,NaN,NaN,NaN,NaN,NaN,NaN,NaN,NaN,14,14,11,9,12.5,15,13,13.5,0.015,0.02,0.0004,0.44,247.58,0.0018,200,9.51,8.7588,10.2612,4,5,8,16,32,20.2707,184.465,100.2,0,136.84,0,112.575,75.235,0.648,0,0,0.06,0,12,0.8793,0.8302,0.9284,0.7225,0.7712,0.8846,0.9807,0.9917,12,8.1667,11,7.75,0.949
egg5-balanced-B,stage4,egg5,นภา,Epic,balanced,B,อัสนีประสานฟ้า,random,200,0,0,0.0188,0,0,0.245,0.405,0.31,0.01,0.005,0.005,0.02,0,0.415,0.39,0.17,0.015,0,0,0.01,1,0.395,200,42.79,39.6981,45.8819,18,24,36,69,178,0,NaN,NaN,NaN,NaN,NaN,NaN,NaN,NaN,200,1.2439,1.1623,1.3255,0.6167,0.7667,1.0667,1.8917,5.1167,200,1.9571,1.8241,2.0901,0.9167,1.1667,1.6667,3.0417,8.0833,0,NaN,NaN,NaN,NaN,NaN,NaN,NaN,NaN,0,NaN,NaN,NaN,NaN,NaN,NaN,NaN,NaN,NaN,14,15,9,9,17,11,21,25.5,0.035,0.055,0.0013,1.46,236.36,0.0061,200,8.55,7.8869,9.2131,3,5,7,14,40,19.9813,174.14,80.095,0,88.885,0,101.575,56.935,0.685,0,0,0.02,0,4,0.7144,0.4417,0.987,0.3317,0.4459,0.7712,0.9373,0.9833,4,24.5,25.75,24.25,0.9898
egg5-control,control_stage1-3,egg5,นภา,Epic,balanced,A,,greedy-egg,200,0,0,0.0188,0,0.475,0.52,0.005,0,0,0,0,0,0.65,0.35,0,0,0,0,0,0,1,0.315,200,22.73,21.7979,23.6621,14,16,22,30,56,0,NaN,NaN,NaN,NaN,NaN,NaN,NaN,NaN,200,0.7349,0.7116,0.7582,0.5167,0.5667,0.7167,0.9167,1.5667,200,1.1138,1.0749,1.1526,0.75,0.8333,1.0833,1.4167,2.5,0,NaN,NaN,NaN,NaN,NaN,NaN,NaN,NaN,0,NaN,NaN,NaN,NaN,NaN,NaN,NaN,NaN,NaN,19,6,3,NaN,NaN,NaN,NaN,NaN,0,0,0,0,140.28,0,200,0,0,0,0,0,0,0,0,0,0,81.51,0,25.045,0,22.64,20.32,0,0,0,0,NaN,0,NaN,NaN,NaN,NaN,NaN,NaN,NaN,NaN,0,NaN,NaN,NaN,0
egg5-control,control_stage1-3,egg5,นภา,Epic,balanced,A,,greedy,200,0,0,0.0188,0,0.255,0.57,0.12,0.055,0,0,0,0,0.34,0.57,0.06,0.03,0,0,0,0,1,0.39,200,43.89,39.9105,47.8695,14,20,34,85.2,156,0,NaN,NaN,NaN,NaN,NaN,NaN,NaN,NaN,200,1.2639,1.1644,1.3634,0.5167,0.6667,1.0167,2.2967,4.0667,200,1.9954,1.8296,2.1612,0.75,1,1.5833,3.7167,6.6667,0,NaN,NaN,NaN,NaN,NaN,NaN,NaN,NaN,0,NaN,NaN,NaN,NaN,NaN,NaN,NaN,NaN,NaN,26,10,10,9,NaN,NaN,NaN,NaN,0.005,0.005,0.0001,0.095,230.5,0.0004,200,0,0,0,0,0,0,0,0,0,0,116.92,0,134.75,0,109.56,79.025,0,0,0,0,NaN,0,NaN,NaN,NaN,NaN,NaN,NaN,NaN,NaN,0,NaN,NaN,NaN,0
egg5-control,control_stage1-3,egg5,นภา,Epic,balanced,A,,random,200,0,0,0.0188,0,0.455,0.48,0.035,0.03,0,0,0,0,0.605,0.365,0.02,0.01,0,0,0,0,1,0.335,200,37.545,34.3233,40.7667,16,18,30,63,164,0,NaN,NaN,NaN,NaN,NaN,NaN,NaN,NaN,200,1.1053,1.0247,1.1858,0.5667,0.6167,0.9167,1.7417,4.2667,200,1.731,1.5968,1.8653,0.8333,0.9167,1.4167,2.7917,7,0,NaN,NaN,NaN,NaN,NaN,NaN,NaN,NaN,0,NaN,NaN,NaN,NaN,NaN,NaN,NaN,NaN,NaN,26,12,15,7.5,NaN,NaN,NaN,NaN,0.01,0.01,0.0003,0.165,208.845,0.0008,200,0,0,0,0,0,0,0,0,0,0,92.33,0,96.295,0,90.31,59.925,0,0,0,0,NaN,0,NaN,NaN,NaN,NaN,NaN,NaN,NaN,NaN,0,NaN,NaN,NaN,0
egg5-math-A,stage4,egg5,นภา,Epic,math,A,อัสนีทวีคม,greedy-egg,200,0,0,0.0188,0,0,0.47,0.465,0.065,0,0,0,0,0,0.75,0.24,0.01,0,0,0,0,1,0.385,200,28.35,27.2077,29.4923,17,20,27,38,70,0,NaN,NaN,NaN,NaN,NaN,NaN,NaN,NaN,200,0.8754,0.8469,0.904,0.5917,0.6667,0.8417,1.1167,1.9167,200,1.3479,1.3003,1.3955,0.875,1,1.2917,1.75,3.0833,0,NaN,NaN,NaN,NaN,NaN,NaN,NaN,NaN,0,NaN,NaN,NaN,NaN,NaN,NaN,NaN,NaN,NaN,13,11,6,3,NaN,NaN,NaN,NaN,0,0,0,0,161.74,0,200,6.055,5.8018,6.3082,3,4,6,8,14,21.358,69.26,105.65,0,28.34,0,28.43,21.795,0.396,0,0,0,NaN,0,NaN,NaN,NaN,NaN,NaN,NaN,NaN,NaN,0,NaN,NaN,NaN,0
egg5-math-A,stage4,egg5,นภา,Epic,math,A,อัสนีทวีคม,greedy,200,0,0,0.0188,0,0,0.295,0.345,0.325,0,0.005,0,0.03,0,0.455,0.275,0.24,0.005,0,0,0.025,1,0.365,200,49.33,45.7629,52.8971,17,23,44,82.1,146,0,NaN,NaN,NaN,NaN,NaN,NaN,NaN,NaN,200,1.4099,1.3162,1.5036,0.5917,0.7417,1.2667,2.2417,4.15,200,2.2321,2.079,2.3851,0.875,1.125,2,3.625,6.5833,0,NaN,NaN,NaN,NaN,NaN,NaN,NaN,NaN,0,NaN,NaN,NaN,NaN,NaN,NaN,NaN,NaN,NaN,17,15,11,12,19.5,16,18,15,0.015,0.015,0.0003,0.42,267.165,0.0016,200,10.045,9.2873,10.8027,3,4,9,17.1,33,20.3629,116.35,129.235,0,125.525,0,132.2,79.38,0.4738,0,0,0.03,0,6,0.8593,0.7841,0.9345,0.7442,0.7521,0.8779,0.9479,0.9742,6,11,20.5,10.1667,0.9242
egg5-math-A,stage4,egg5,นภา,Epic,math,A,อัสนีทวีคม,random,200,0,0,0.0188,0,0,0.5,0.29,0.19,0.01,0,0,0.01,0.01,0.67,0.2,0.105,0.01,0,0,0.005,1,0.385,200,42.45,39.3955,45.5045,17,22,34.5,80,139,0,NaN,NaN,NaN,NaN,NaN,NaN,NaN,NaN,200,1.2296,1.1522,1.307,0.5917,0.7167,1.0292,2.1667,3.8083,200,1.9371,1.8088,2.0654,0.875,1.0833,1.6042,3.5,6.125,0,NaN,NaN,NaN,NaN,NaN,NaN,NaN,NaN,0,NaN,NaN,NaN,NaN,NaN,NaN,NaN,NaN,NaN,17,14,11.5,12,15,16,16,13.5,0.02,0.02,0.0005,0.455,233.41,0.0019,200,8.58,7.9259,9.2341,3,4,7,16.1,29,20.212,98.545,103.305,0,85.58,0,99.06,56.825,0.4882,0,0,0.01,0,2,0.9079,0.8303,0.9855,0.8683,0.8762,0.9079,0.9396,0.9475,2,6,10,4,0.6667
egg5-math-B,stage4,egg5,นภา,Epic,math,B,ประจุพิทักษ์,greedy-egg,200,0.01,0.0027,0.0357,2,0,0.02,0.08,0.345,0.05,0.015,0.015,0.465,0,0.025,0.11,0.445,0.03,0.01,0.015,0.355,0.99,0.3434,200,106.42,100.9335,111.9065,33,57.7,103.5,157.2,227,2,159.5,135,184,147,149.5,159.5,169.5,172,200,2.9905,2.8363,3.1447,0.9917,1.6092,3,4.4258,5.8417,200,4.7642,4.5191,5.0093,1.5417,2.5708,4.7083,7.0458,9.625,2,4.4042,3.955,4.8533,4.175,4.2208,4.4042,4.5875,4.6333,2,7.0625,6.205,7.92,6.625,6.7125,7.0625,7.4125,7.5,0,21,24,18,23,17.5,16,14,21,0.205,0.22,0.0021,4.635,255.495,0.0178,200,25.035,23.6465,26.4235,7,13,24.5,39,58,23.5247,0,588.545,785.29,114.3,0,118.075,576.81,0,0.8729,0,0.475,0.0211,93,0.7676,0.7204,0.8149,0.0375,0.3995,0.8492,0.9887,1,95,14.1684,18.7263,13.7368,0.9695
egg5-math-B,stage4,egg5,นภา,Epic,math,B,ประจุพิทักษ์,greedy,200,0.025,0.0107,0.0572,5,0,0.025,0.04,0.145,0.04,0.02,0.005,0.7,0,0.055,0.07,0.14,0.045,0.02,0.005,0.645,0.98,0.3827,200,189.21,178.1904,200.2296,36,77.9,189.5,287,436,5,325.6,254.4393,396.7607,201,245,321,399.8,409,200,5.1111,4.8269,5.3953,1.0667,2.1142,5.2083,7.66,11.2333,200,8.2646,7.7971,8.732,1.6667,3.4125,8.3958,12.3833,18.5,5,8.44,6.735,10.145,5.525,6.4917,8.3583,10.2617,10.5583,5,13.8667,10.9767,16.7566,8.875,10.575,13.7083,16.925,17.375,0.8,29,32,27,37,21,23,21,36,0.5,1.235,0.0065,32.235,543.73,0.056,200,41.17,38.6777,43.6623,7,16,41,64,99,21.7589,0,749.06,1078.9,718.125,0,433.765,1040.08,0,0.6004,0,0.725,0.0345,140,0.7764,0.7427,0.8101,0.0742,0.5117,0.8413,0.9818,1,145,28.9655,37.1241,28.5172,0.9845
egg5-math-B,stage4,egg5,นภา,Epic,math,B,ประจุพิทักษ์,random,200,0,0,0.0188,0,0.005,0.03,0.065,0.29,0.015,0.02,0.01,0.565,0.005,0.07,0.07,0.37,0.025,0.025,0.015,0.42,1,0.375,200,172.105,161.7162,182.4938,30,88,160.5,262.2,436,0,NaN,NaN,NaN,NaN,NaN,NaN,NaN,NaN,200,4.6435,4.374,4.9129,0.9167,2.3667,4.4167,7.0592,11.4,200,7.5119,7.0696,7.9541,1.4167,3.8333,7.1458,11.4208,18.6667,0,NaN,NaN,NaN,NaN,NaN,NaN,NaN,NaN,0,NaN,NaN,NaN,NaN,NaN,NaN,NaN,NaN,NaN,32,33,26,36,23,24,20.5,30,0.67,1.67,0.0097,43.805,500.42,0.0805,200,36.755,34.4943,39.0157,6,18.9,34,56,94,21.3561,0,605.61,946.475,601.37,0,402.18,889.385,0,0.6115,0,0.565,0,113,0.8193,0.7829,0.8557,0.0042,0.6203,0.89,0.9923,1,113,21.0619,26.2743,20.7257,0.984
egg5-science-A,stage4,egg5,นภา,Epic,science,A,เมฆาคำราม,greedy-egg,200,0,0,0.0188,0,0,0.415,0.49,0.095,0,0,0,0,0,0.625,0.35,0.025,0,0,0,0,1,0.365,200,27.78,26.7753,28.7847,17,20,26,37,54,0,NaN,NaN,NaN,NaN,NaN,NaN,NaN,NaN,200,0.8612,0.836,0.8863,0.5917,0.6667,0.8167,1.0917,1.5167,200,1.3242,1.2823,1.366,0.875,1,1.25,1.7083,2.4167,0,NaN,NaN,NaN,NaN,NaN,NaN,NaN,NaN,0,NaN,NaN,NaN,NaN,NaN,NaN,NaN,NaN,NaN,12,12,6,3,NaN,NaN,NaN,NaN,0,0,0,0,158.615,0,200,5.95,5.7261,6.1739,3,4,6,8,12,21.4183,115.955,72.745,0,22.655,0,25.655,18.825,0.6145,0,0,0,NaN,0,NaN,NaN,NaN,NaN,NaN,NaN,NaN,NaN,0,NaN,NaN,NaN,0
egg5-science-A,stage4,egg5,นภา,Epic,science,A,เมฆาคำราม,greedy,200,0,0,0.0188,0,0,0.185,0.35,0.35,0.01,0.005,0.005,0.095,0,0.23,0.38,0.3,0.01,0.01,0.005,0.065,1,0.3,200,49.04,45.0911,52.9889,17,23,40.5,87.3,157,0,NaN,NaN,NaN,NaN,NaN,NaN,NaN,NaN,200,1.4235,1.3145,1.5325,0.5917,0.7417,1.1792,2.5925,4.2583,200,2.2408,2.0662,2.4155,0.875,1.125,1.8542,4.025,6.875,0,NaN,NaN,NaN,NaN,NaN,NaN,NaN,NaN,0,NaN,NaN,NaN,NaN,NaN,NaN,NaN,NaN,NaN,14,14,12,12,16.5,18,15,23,0.05,0.065,0.0013,1.645,275.635,0.0059,200,9.98,9.1329,10.8271,3,4.9,8,18.1,33,20.3507,210.58,95.795,0,114.955,0,142.93,72.76,0.6873,0,0,0.095,0,19,0.7946,0.7246,0.8647,0.5242,0.6105,0.8525,0.9458,1,19,14.5263,17.7895,13.8947,0.9565
egg5-science-A,stage4,egg5,นภา,Epic,science,A,เมฆาคำราม,random,200,0,0,0.0188,0,0,0.295,0.38,0.28,0.005,0.01,0.005,0.025,0,0.455,0.37,0.16,0,0,0.005,0.01,1,0.38,200,41.67,38.9615,44.3785,17,22,38,65.1,143,0,NaN,NaN,NaN,NaN,NaN,NaN,NaN,NaN,200,1.2201,1.1468,1.2933,0.5917,0.7167,1.1167,1.7942,4.075,200,1.9146,1.7963,2.0329,0.875,1.0833,1.75,2.8792,6.4583,0,NaN,NaN,NaN,NaN,NaN,NaN,NaN,NaN,0,NaN,NaN,NaN,NaN,NaN,NaN,NaN,NaN,NaN,14,14,12,9,8,18,12,15,0.005,0.01,0.0002,0.28,233.17,0.0012,200,8.39,7.8224,8.9576,3,4,7.5,13.1,30,20.1344,173.21,76.33,0,81.15,0,97.71,51.285,0.6941,0,0,0.025,0,5,0.8465,0.7213,0.9717,0.6033,0.6947,0.9267,0.9362,0.9392,5,12.4,13.4,12.2,0.9839
egg5-science-B,stage4,egg5,นภา,Epic,science,B,ม่านเมฆอัมพาต,greedy-egg,200,0,0,0.0188,0,0,0.31,0.445,0.245,0,0,0,0,0,0.475,0.42,0.105,0,0,0,0,1,0.37,200,38.255,36.462,40.048,20,24,37,57,84,0,NaN,NaN,NaN,NaN,NaN,NaN,NaN,NaN,200,1.123,1.0782,1.1679,0.6667,0.7667,1.0917,1.5917,2.2667,200,1.7606,1.6859,1.8353,1,1.1667,1.7083,2.5417,3.6667,0,NaN,NaN,NaN,NaN,NaN,NaN,NaN,NaN,0,NaN,NaN,NaN,NaN,NaN,NaN,NaN,NaN,NaN,14,14,9,6,NaN,NaN,NaN,NaN,0,0,0,0,173.695,0,200,8.29,7.8843,8.6957,4,5,8,12.1,17,21.6704,93.76,124.965,0,37.145,0,41.34,26.515,0.4287,0,0,0,NaN,0,NaN,NaN,NaN,NaN,NaN,NaN,NaN,NaN,0,NaN,NaN,NaN,0
egg5-science-B,stage4,egg5,นภา,Epic,science,B,ม่านเมฆอัมพาต,greedy,200,0,0,0.0188,0,0,0.15,0.21,0.355,0.01,0.02,0.02,0.235,0,0.195,0.27,0.335,0.005,0.03,0.015,0.15,1,0.365,200,81.265,74.0876,88.4424,21,29.9,66.5,165,274,0,NaN,NaN,NaN,NaN,NaN,NaN,NaN,NaN,200,2.2758,2.082,2.4696,0.6917,0.9142,1.8292,4.4583,7.35,200,3.6302,3.317,3.9434,1.0417,1.4125,2.9375,7.2083,11.9167,0,NaN,NaN,NaN,NaN,NaN,NaN,NaN,NaN,0,NaN,NaN,NaN,NaN,NaN,NaN,NaN,NaN,NaN,18,18.5,17,21,23,21.5,17,24,0.1,0.235,0.0029,6.335,362.285,0.0172,200,17.01,15.4516,18.5684,4,6,14,35,56,20.9315,197.705,213.195,0,260.875,0,233.025,124.27,0.4812,0,0,0.235,0,47,0.7979,0.7398,0.856,0.1142,0.5292,0.8642,0.964,1,47,20.1277,28.9362,19.383,0.963
egg5-science-B,stage4,egg5,นภา,Epic,science,B,ม่านเมฆอัมพาต,random,200,0,0,0.0188,0,0,0.26,0.28,0.27,0.03,0.015,0.005,0.14,0,0.35,0.295,0.225,0.01,0.015,0.005,0.1,1,0.32,200,67.415,61.5115,73.3185,21,26.9,53,133.4,230,0,NaN,NaN,NaN,NaN,NaN,NaN,NaN,NaN,200,1.9037,1.7425,2.0649,0.6917,0.8392,1.4917,3.8267,6.25,200,3.0273,2.7678,3.2868,1.0417,1.2875,2.375,6.05,10.0833,0,NaN,NaN,NaN,NaN,NaN,NaN,NaN,NaN,0,NaN,NaN,NaN,NaN,NaN,NaN,NaN,NaN,NaN,18.5,19,15,18,24,18,18,24,0.1,0.23,0.0034,6.23,303.29,0.0201,200,13.865,12.5906,15.1394,4,5,11,28.1,49,20.5666,159.665,158.415,0,171.225,0,176.69,87.2,0.502,0,0,0.14,0,28,0.866,0.8309,0.9011,0.6183,0.7483,0.8804,0.9737,1,28,15.7857,21.2143,15.5357,0.9842
egg6-balanced-A,stage4,egg6,ธรา,Epic,balanced,A,พรแห่งผืนดิน,greedy-egg,200,0.415,0.3489,0.4843,83,0,0,0,0,0,0.005,0,0.58,0,0,0,0.005,0,0.005,0,0.6,0.61,0.2787,200,188.535,182.3608,194.7092,115,139,181.5,255.4,337,83,199.7349,191.0091,208.4608,137,152.4,195,259.8,298,200,5.1117,4.9675,5.2559,3.45,3.9233,5,6.6442,8.7583,200,8.254,8.0074,8.5005,5.4167,6.2917,8.0833,10.8458,14.375,83,5.3307,5.1257,5.5357,3.925,4.235,5.1833,6.6617,7.95,83,8.6596,8.3099,9.0094,6.2083,6.7917,8.4167,10.9917,12.9167,0.2048,24,24,21,27,19.5,18,16,60,0.82,1.51,0.008,39.795,517.865,0.0714,200,38.33,36.9987,39.6613,23,28,37,52,72,20.3304,14.22,1400.57,598.665,2936.475,342.225,123.485,1252.525,0.0101,0.1693,0.7348,0.995,0.4171,116,0.5438,0.4932,0.5943,0.0192,0.1212,0.6008,0.8888,1,199,41.8693,53.608,41.3317,0.9872
egg6-balanced-A,stage4,egg6,ธรา,Epic,balanced,A,พรแห่งผืนดิน,greedy,200,0.105,0.0697,0.1552,21,0,0,0,0.05,0.005,0,0,0.84,0,0,0,0.055,0.005,0,0,0.85,0.91,0.3736,200,220.745,211.7912,229.6988,86,139.9,218.5,305,437,21,227.1429,201.2599,253.0258,136,170,211,304,396,200,5.952,5.7309,6.1731,2.3167,4.02,5.8417,8.1092,11.2583,200,9.631,9.2611,10.001,3.75,6.3708,9.4583,13.1875,18.5417,21,6.0595,5.4384,6.6806,4.0667,4.75,5.4417,8.1,10.0667,21,9.8452,8.7937,10.8968,6.3333,7.5833,8.9583,13.1667,16.6667,0.3333,30,30.5,27,37,27,22,21,51,0.815,1.88,0.0085,48.78,849.22,0.0543,200,44.69,42.8063,46.5737,16,28,44,63,95,20.2451,41.605,996.02,516.855,2033.56,422.075,346.44,1106.66,0.0401,0.2027,0.5492,0.945,0.1111,168,0.6785,0.6389,0.718,0.0058,0.2724,0.7646,0.9433,0.9908,189,37.4497,48.9259,36.9947,0.9878
egg6-balanced-A,stage4,egg6,ธรา,Epic,balanced,A,พรแห่งผืนดิน,random,200,0.055,0.031,0.0958,11,0,0,0.005,0.1,0.015,0.02,0,0.805,0,0,0.005,0.135,0.02,0.015,0,0.79,0.965,0.4301,200,210.62,201.8984,219.3416,74,138.9,202,295.1,439,11,240.3636,214.0605,266.6668,179,190,229,293,310,200,5.6888,5.4705,5.9072,2.0167,3.8167,5.4542,7.8775,11.3083,200,9.1992,8.836,9.5624,3.25,6.2333,8.8333,12.7958,18.625,11,6.4636,5.9037,7.0235,5.1417,5.4167,6.225,7.825,7.9167,11,10.4697,9.4728,11.4666,8.125,8.5833,10.0417,12.7083,13.0833,0.6364,32,33.5,27,37,24,23.5,23,39,0.875,2.195,0.0104,57.455,848.02,0.0635,200,42.735,40.8776,44.5924,14,27,40.5,62,92,20.2901,38.79,812.92,439.025,1755.175,439.045,328.36,966.165,0.0455,0.2001,0.5721,0.86,0.064,161,0.7776,0.745,0.8102,0.0267,0.4675,0.8417,0.9725,1,172,29.4535,37.7267,29.1279,0.9889
egg6-balanced-B,stage4,egg6,ธรา,Epic,balanced,B,ฌานยกระดับศิลา,greedy-egg,200,0.16,0.1157,0.2171,32,0,0.01,0.03,0.12,0.015,0.02,0.03,0.615,0,0.01,0.05,0.15,0.03,0.025,0.04,0.57,0.875,0.32,200,124.675,119.6182,129.7318,42,74,127.5,172,218,32,150.2188,142.4983,157.9392,87,128.2,148,174.6,207,200,3.5035,3.3706,3.6365,1.2167,2.0167,3.6708,4.6858,5.6167,200,5.5815,5.3649,5.798,1.9167,3.25,5.7708,7.5875,9.25,32,4.1461,3.9594,4.3328,2.5083,3.7083,4.125,4.7683,5.5083,32,6.6497,6.3365,6.963,3.9583,5.85,6.5833,7.625,8.9583,0,24,20,15,18,12,12,12,36,0.61,0.91,0.0073,22.14,246.545,0.0824,200,24.76,23.7056,25.8144,8,14,25,34,44,19.8596,0,1020.705,594.24,2812.495,0,137.39,848.685,0,0.1744,0,0.775,0.2065,123,0.6175,0.5656,0.6694,0.0075,0.1825,0.6742,0.969,1,155,22.671,31.7226,22.1806,0.9784
egg6-balanced-B,stage4,egg6,ธรา,Epic,balanced,B,ฌานยกระดับศิลา,greedy,200,0.125,0.0861,0.178,25,0,0.02,0.01,0.17,0.025,0.025,0.01,0.615,0,0.02,0.02,0.21,0.03,0.02,0.01,0.595,0.905,0.3149,200,146.865,140.9146,152.8154,28,88.9,149,202.2,260,25,174.28,162.744,185.816,124,138.4,172,218,236,200,4.0608,3.9058,4.2157,0.8667,2.3917,4.225,5.4392,6.8333,200,6.5085,6.2551,6.7619,1.3333,3.875,6.6875,8.875,11.1667,25,4.7237,4.4431,5.0043,3.6,3.7933,4.6167,5.8167,6.075,25,7.6283,7.1582,8.0985,5.6667,6.1,7.5833,9.45,10,0.04,28,28,18,24,18.5,15.5,15,33,0.695,1.26,0.0086,30.34,353.13,0.0791,200,29.205,27.981,30.429,5,17,30,40.1,53,19.8856,0,928.51,700.92,3534.26,0,252.635,891.005,0,0.1655,0,0.74,0.1689,123,0.6642,0.6231,0.7052,0.0225,0.3302,0.705,0.9212,1,148,23.4459,33.7095,23.0541,0.9833
egg6-balanced-B,stage4,egg6,ธรา,Epic,balanced,B,ฌานยกระดับศิลา,random,200,0.06,0.0347,0.1019,12,0,0.05,0.075,0.23,0.025,0.04,0.03,0.49,0,0.07,0.11,0.29,0.03,0.025,0.02,0.42,0.965,0.3627,200,132.44,126.2034,138.6766,34,73,136.5,189.1,250,12,163.4167,144.2803,182.553,120,128.7,157,184.7,250,200,3.6552,3.4859,3.8245,1.0167,1.9917,3.775,5.085,6.5833,200,5.8625,5.5899,6.1351,1.5833,3.2083,6.125,8.25,10.75,12,4.5438,4.0841,5.0034,3.6667,3.7158,4.2292,5.11,6.5833,12,7.2674,6.4922,8.0425,5.6667,5.8625,6.7917,8.0833,10.75,0.0833,30,27,18,24,18,15,12,30,0.75,1.495,0.0113,37.97,320.8,0.1058,200,26.295,25.0007,27.5893,6,14,27,38,49,19.8543,0,719.38,631.08,2848.795,0,221.615,766.13,0,0.1814,0,0.55,0.1091,98,0.7173,0.6607,0.7739,0.045,0.2886,0.8075,1,1,110,19.5818,27.9545,19.2273,0.9819
egg6-control,control_stage1-3,egg6,ธรา,Epic,balanced,A,,greedy-egg,200,0,0,0.0188,0,0,0.235,0.285,0.37,0.035,0.015,0.005,0.055,0,0.3,0.34,0.305,0.025,0.01,0,0.02,1,0.295,200,71.94,67.6833,76.1967,26,36,68,113.1,172,0,NaN,NaN,NaN,NaN,NaN,NaN,NaN,NaN,200,1.9893,1.8759,2.1028,0.8167,1.0667,1.8667,3.0917,4.8,200,3.1883,3.0042,3.3725,1.25,1.6667,3,5.0417,7.6667,0,NaN,NaN,NaN,NaN,NaN,NaN,NaN,NaN,0,NaN,NaN,NaN,NaN,NaN,NaN,NaN,NaN,NaN,24,24,18,9,12,25.5,8,6,0.015,0.015,0.0002,0.365,199.375,0.0018,200,0,0,0,0,0,0,0,0,0,0,262.46,0,768.1,0,80.14,333.57,0,0,0,0.055,0,11,0.9508,0.8973,1.0042,0.72,0.8367,0.9892,1,1,11,5.4545,5.6364,4.8182,0.8833
egg6-control,control_stage1-3,egg6,ธรา,Epic,balanced,A,,greedy,200,0,0,0.0188,0,0.035,0.37,0.18,0.35,0.01,0.005,0.01,0.04,0.04,0.47,0.16,0.29,0.005,0.005,0.005,0.025,1,0.34,200,83.59,76.7775,90.4025,16,31,71.5,150.1,258,0,NaN,NaN,NaN,NaN,NaN,NaN,NaN,NaN,200,2.2739,2.0981,2.4497,0.5667,0.9417,1.9542,3.9192,6.7833,200,3.6671,3.3779,3.9563,0.8333,1.4583,3.1458,6.4208,11.0833,0,NaN,NaN,NaN,NaN,NaN,NaN,NaN,NaN,0,NaN,NaN,NaN,NaN,NaN,NaN,NaN,NaN,NaN,30,26,22,15,21,14,27,19.5,0.03,0.03,0.0004,0.695,324.895,0.0021,200,0,0,0,0,0,0,0,0,0,0,235.04,0,571.17,0,204.09,288.285,0,0,0,0.04,0,8,0.8438,0.6667,1.0208,0.2375,0.6301,0.9404,0.9971,1,8,13.75,17.75,12.75,0.9273
egg6-control,control_stage1-3,egg6,ธรา,Epic,balanced,A,,random,200,0,0,0.0188,0,0.085,0.475,0.19,0.225,0.005,0.005,0,0.015,0.135,0.53,0.155,0.165,0.005,0,0,0.01,1,0.38,200,71.52,65.4575,77.5825,16,27.9,54,136,222,0,NaN,NaN,NaN,NaN,NaN,NaN,NaN,NaN,200,1.9597,1.8068,2.1125,0.5667,0.8642,1.5167,3.5717,5.7167,200,3.1517,2.8978,3.4055,0.8333,1.3292,2.4167,5.8333,9.4167,0,NaN,NaN,NaN,NaN,NaN,NaN,NaN,NaN,0,NaN,NaN,NaN,NaN,NaN,NaN,NaN,NaN,NaN,31,21,24,12,24,34,27,12,0.1,0.105,0.0015,2.48,289.655,0.0085,200,0,0,0,0,0,0,0,0,0,0,180.385,0,441.64,0,170.3,224.77,0,0,0,0.015,0,3,0.9397,0.8375,1.042,0.8358,0.8653,0.9833,0.9967,1,3,8,12.3333,7.6667,0.9583
egg6-math-A,stage4,egg6,ธรา,Epic,math,A,ศรแกนศิลา,greedy-egg,200,0.01,0.0027,0.0357,2,0,0.02,0.185,0.45,0.035,0.045,0.01,0.245,0,0.03,0.225,0.55,0.015,0.035,0.005,0.14,1,0.325,200,67.62,63.8846,71.3554,21,38,61,107,151,2,136,106.6,165.4,121,124,136,148,151,200,1.9555,1.8447,2.0663,0.6917,1.1167,1.6917,3.175,4.1083,200,3.0825,2.9099,3.2551,1.0417,1.75,2.7083,4.9667,6.625,2,3.9,3.4917,4.3083,3.6917,3.7333,3.9,4.0667,4.1083,2,6.1667,5.2683,7.065,5.7083,5.8,6.1667,6.5333,6.625,0,15,17,14,12,11,14,14.5,18,0.045,0.055,0.0008,1.32,209.715,0.0063,200,13.255,12.479,14.031,4,7,12,21,30,19.6022,206.765,259.075,0,707.765,0,71.04,310.2,0.4439,0,0,0.255,0.0392,49,0.7718,0.6977,0.8459,0.0217,0.4467,0.8908,0.9883,1,51,11.5686,14.902,10.9608,0.9475
egg6-math-A,stage4,egg6,ธรา,Epic,math,A,ศรแกนศิลา,greedy,200,0,0,0.0188,0,0,0.09,0.225,0.415,0.025,0.02,0,0.225,0,0.145,0.25,0.42,0.02,0.02,0.005,0.14,1,0.315,200,72.12,67.2178,77.0222,19,32,66,125.4,177,0,NaN,NaN,NaN,NaN,NaN,NaN,NaN,NaN,200,2.0363,1.9015,2.1712,0.6417,0.9667,1.8167,3.5633,4.7583,200,3.2383,3.0221,3.4545,0.9583,1.5,2.9167,5.5958,7.7083,0,NaN,NaN,NaN,NaN,NaN,NaN,NaN,NaN,0,NaN,NaN,NaN,NaN,NaN,NaN,NaN,NaN,NaN,17,18,15.5,18,15.5,14,15,12,0.045,0.055,0.0008,1.305,307.97,0.0042,200,14.07,13.0765,15.0635,3,6,13,25,36,19.5092,223.545,179.335,0,463.04,0,175.335,234.095,0.5549,0,0,0.225,0,45,0.8576,0.8171,0.898,0.49,0.6267,0.905,0.9883,1,45,10.9778,15.6667,10.4444,0.9514
egg6-math-A,stage4,egg6,ธรา,Epic,math,A,ศรแกนศิลา,random,200,0,0,0.0188,0,0,0.18,0.245,0.405,0.035,0,0.01,0.125,0,0.265,0.3,0.33,0.03,0,0.01,0.065,1,0.35,200,65.915,60.9183,70.9117,20,28,57.5,105,190,0,NaN,NaN,NaN,NaN,NaN,NaN,NaN,NaN,200,1.8554,1.7203,1.9905,0.6667,0.8667,1.6042,3.2442,5.0833,200,2.954,2.7358,3.1721,1,1.3333,2.5625,5.0042,8.25,0,NaN,NaN,NaN,NaN,NaN,NaN,NaN,NaN,0,NaN,NaN,NaN,NaN,NaN,NaN,NaN,NaN,NaN,18,18.5,15.5,15,15.5,27,14.5,21,0.1,0.135,0.002,3.48,291.275,0.0118,200,12.88,11.85,13.91,4,5,11,21,38,19.5403,197.015,142.45,0,354.36,0,161.015,193.475,0.5804,0,0,0.125,0,25,0.8333,0.7762,0.8904,0.5075,0.608,0.8717,0.9797,0.9883,25,13.68,16.32,13.36,0.9766
egg6-math-B,stage4,egg6,ธรา,Epic,math,B,ตราปราการ,greedy-egg,200,0.145,0.1029,0.2005,29,0,0,0.01,0.12,0.035,0.02,0.01,0.66,0,0,0.015,0.14,0.05,0.02,0.01,0.645,0.88,0.358,200,161.085,154.0065,168.1635,44,98.4,162,228,319,29,195.069,181.2463,208.8917,137,147.8,193,239,279,200,4.4171,4.2345,4.5998,1.2667,2.6267,4.45,5.9958,8.3083,200,7.1019,6.8018,7.4019,2,4.2667,7.1042,9.8333,13.625,29,5.2675,4.9484,5.5866,3.925,4.0717,5.0833,6.2683,7.1417,29,8.5187,7.9711,9.0663,6.2083,6.525,8.3333,10.225,11.7917,0.1034,24,26,22,27,21,17,16,46,0.64,0.97,0.006,23.32,264.83,0.0809,200,32.545,31.0274,34.0626,8,18.9,32,47,66,20.2036,0,1033.14,1039.275,2393.36,0,157.075,1163.725,0,0.3028,0,0.805,0.1801,132,0.6228,0.5763,0.6692,0.0383,0.2028,0.6708,0.9553,1,161,30.0994,38.9317,29.677,0.986
egg6-math-B,stage4,egg6,ธรา,Epic,math,B,ตราปราการ,greedy,200,0.075,0.046,0.12,15,0,0,0.02,0.13,0.015,0.02,0.01,0.73,0,0,0.025,0.16,0.015,0.025,0.01,0.71,0.945,0.3069,200,206.795,195.9921,217.5979,39,116.5,196.5,306.5,447,15,266.8667,232.2013,301.532,180,195.8,245,363.2,401,200,5.584,5.3105,5.8576,1.1417,3.3633,5.3708,8.1167,11.675,200,9.0306,8.5774,9.4838,1.7917,5.3292,8.6667,13.2958,19.125,15,7.0717,6.2041,7.9392,5,5.395,6.4583,9.5467,10.525,15,11.5194,10.0752,12.9637,8,8.6583,10.5417,15.6,17.2083,0.6,31,33,26,36,21,18.5,20,44,0.64,1.675,0.0081,42.98,470.235,0.0837,200,41.735,39.4685,44.0015,7,22.9,39,62,95,20.1818,0,881.96,1448.345,1783.93,0,379.995,1324.485,0,0.4481,0,0.805,0.0932,146,0.7231,0.6837,0.7625,0.0117,0.3662,0.7692,0.9771,1,161,33.4286,44.8447,33.0186,0.9877
egg6-math-B,stage4,egg6,ธรา,Epic,math,B,ตราปราการ,random,200,0.025,0.0107,0.0572,5,0,0.02,0.03,0.21,0.025,0.035,0.02,0.635,0,0.03,0.035,0.265,0.03,0.03,0.03,0.565,0.985,0.3198,200,188.2,177.9988,198.4012,32,99,184.5,288.1,400,5,280,223.8262,336.1738,221,226.6,268,347,383,200,5.0842,4.8221,5.3462,0.9667,2.6417,5.0958,7.535,10.475,200,8.2208,7.7892,8.6524,1.5,4.2917,8.1667,12.3375,17.125,5,7.3667,6.0784,8.6549,5.8583,6.1317,7.2,8.8417,9.7417,5,12.0333,9.8123,14.2544,9.5417,9.9083,11.6667,14.625,16.125,0.8,34,35,28,36,25,20,21,26.5,0.77,1.73,0.0092,44.73,427.675,0.0947,200,37.965,35.8063,40.1237,6,19.9,37,59.1,84,20.1727,0,685.69,1271.225,1480.25,0,337.405,1130.785,0,0.462,0,0.66,0.0379,127,0.8159,0.7795,0.8523,0.0658,0.5403,0.9042,0.9887,1,132,23.1061,30.9773,22.8485,0.9889
egg6-science-A,stage4,egg6,ธรา,Epic,science,A,แผ่นดินคำราม,greedy-egg,200,0.01,0.0027,0.0357,2,0,0.015,0.185,0.49,0.05,0.04,0.025,0.185,0,0.025,0.215,0.575,0.035,0.045,0.01,0.085,0.99,0.303,200,63.105,59.9343,66.2757,23,36.9,58.5,93.2,162,2,131,117.28,144.72,124,125.4,131,136.6,138,200,1.8218,1.7285,1.915,0.7417,1.0892,1.6292,2.8433,4.55,200,2.8735,2.728,3.0191,1.125,1.7042,2.6042,4.4625,7.25,2,3.6083,3.2653,3.9513,3.4333,3.4683,3.6083,3.7483,3.7833,2,5.7917,5.22,6.3633,5.5,5.5583,5.7917,6.025,6.0833,0,15,17.5,13,12,11,10,11,9,0.03,0.03,0.0005,0.67,198.78,0.0034,200,12.325,11.6641,12.9859,4,7,11,18.1,35,19.5309,121.87,296.295,0,612.335,0,66.23,285.035,0.2914,0,0,0.195,0.0513,37,0.8614,0.7984,0.9244,0.0717,0.552,0.9342,0.9908,1,39,7.9487,9.7179,7.1538,0.9
egg6-science-A,stage4,egg6,ธรา,Epic,science,A,แผ่นดินคำราม,greedy,200,0,0,0.0188,0,0,0.115,0.21,0.415,0.025,0.015,0.01,0.21,0,0.19,0.235,0.405,0.02,0.015,0.005,0.13,1,0.385,200,77.07,71.5068,82.6332,20,33,70.5,135.3,225,0,NaN,NaN,NaN,NaN,NaN,NaN,NaN,NaN,200,2.1651,2.0119,2.3182,0.6667,0.9917,1.9417,3.9092,6.125,200,3.4496,3.204,3.6952,1,1.5417,3.125,6.1042,9.875,0,NaN,NaN,NaN,NaN,NaN,NaN,NaN,NaN,0,NaN,NaN,NaN,NaN,NaN,NaN,NaN,NaN,NaN,20,20,16,18,17,19,15,21,0.095,0.15,0.0019,3.61,327.87,0.0109,200,15.13,13.9939,16.2661,4,6,14,27,44,19.6315,150.44,241.3,0,508.395,0,195.345,262.995,0.384,0,0,0.21,0,42,0.8151,0.7554,0.8748,0.0892,0.5549,0.8767,0.9788,0.9908,42,13.9048,16.1905,13.4524,0.9675
egg6-science-A,stage4,egg6,ธรา,Epic,science,A,แผ่นดินคำราม,random,200,0,0,0.0188,0,0,0.245,0.25,0.37,0.02,0.01,0.005,0.1,0,0.335,0.285,0.28,0.02,0.01,0,0.07,1,0.335,200,66.165,60.8383,71.4917,19,27,56,112.1,210,0,NaN,NaN,NaN,NaN,NaN,NaN,NaN,NaN,200,1.8558,1.7132,1.9984,0.6417,0.8417,1.5667,3.1925,5.75,200,2.9585,2.7274,3.1897,0.9583,1.2917,2.5,4.9625,9.25,0,NaN,NaN,NaN,NaN,NaN,NaN,NaN,NaN,0,NaN,NaN,NaN,NaN,NaN,NaN,NaN,NaN,NaN,20,19,17,18,12,20.5,18,16.5,0.09,0.14,0.0021,3.565,290.63,0.0121,200,12.905,11.8129,13.9971,3,5,11,22,43,19.5043,127.71,172.955,0,381.22,0,162.37,202.71,0.4248,0,0,0.1,0,20,0.8824,0.8182,0.9466,0.3492,0.7974,0.9163,0.9823,0.9908,20,12.7,16.95,12.25,0.9646
egg6-science-B,stage4,egg6,ธรา,Epic,science,B,มหาปราการ,greedy-egg,200,0.33,0.2686,0.3978,66,0,0,0.005,0.03,0.005,0,0.005,0.625,0,0,0.005,0.05,0.01,0.005,0.015,0.675,0.76,0.3553,200,159.73,153.7727,165.6873,49,114,156,204,310,66,176.4848,167.3344,185.6353,119,139.5,165,228.5,310,200,4.4032,4.2572,4.5493,1.3917,3.3725,4.375,5.6,7.9167,200,7.0654,6.8206,7.3102,2.2083,5.25,6.9583,9,13.0833,66,4.7985,4.5791,5.0179,3.4083,3.8917,4.5,6.0917,7.9167,66,7.7399,7.3689,8.1109,5.4583,6.2083,7.2292,9.875,13.0833,0.1061,22,24,18,24,15.5,14,12,51,0.66,1.01,0.0063,24.71,238.245,0.094,200,32.35,31.0764,33.6236,9,22,32,42.1,66,20.2529,0,1327.18,938.15,3036.105,0,145.975,1237.65,0,0.2361,0,0.955,0.3455,125,0.5441,0.491,0.5972,0.0192,0.125,0.5325,0.9575,1,191,34.0628,45.6754,33.4921,0.9832
egg6-science-B,stage4,egg6,ธรา,Epic,science,B,มหาปราการ,greedy,200,0.19,0.1417,0.25,38,0,0.01,0.015,0.045,0.015,0.005,0.005,0.715,0,0.01,0.02,0.065,0.015,0.005,0.01,0.735,0.86,0.3547,200,221.775,210.1528,233.3972,33,129,210,331,514,38,272.6053,247.5236,297.6869,145,193.1,260,354.9,514,200,5.9569,5.6649,6.2489,0.9917,3.5575,5.6833,8.5708,13.0167,200,9.6531,9.1678,10.1385,1.5417,5.7083,9.1875,14.1,21.5833,38,7.2011,6.5843,7.8179,3.9583,5.2383,6.9,9.305,13.0167,38,11.7445,10.7106,12.7785,6.375,8.4792,11.2917,15.2083,21.5833,0.7105,28,30,24.5,36,24,20,16,60,0.79,2.28,0.0103,59.77,513.01,0.1044,200,45.02,42.5646,47.4754,6,25,42.5,68.1,102,20.2999,0,1103.665,1305.58,2152.475,0,447.865,1507.13,0,0.3775,0,0.905,0.2099,143,0.6517,0.6091,0.6942,0.005,0.2568,0.715,0.9365,1,181,46.884,62.4862,46.3204,0.988
egg6-science-B,stage4,egg6,ธรา,Epic,science,B,มหาปราการ,random,200,0.045,0.0239,0.0833,9,0,0.03,0.045,0.155,0.02,0.015,0.005,0.685,0,0.04,0.045,0.175,0.025,0.01,0.005,0.665,0.965,0.3005,200,190.295,178.7022,201.8878,34,84.9,182.5,294.5,642,9,267.4444,233.7295,301.1594,167,204.6,280,321,325,200,5.144,4.8473,5.4408,1.0167,2.2892,5.1,7.8533,16.2167,200,8.3156,7.8261,8.8052,1.5833,3.7042,8.1667,12.7667,26.9167,9,7.0194,6.2004,7.8385,4.5083,5.4483,7.1667,8.3,8.3333,9,11.4769,10.0979,12.8558,7.2917,8.8583,11.8333,13.675,13.7083,0.7778,30,30,24,36,22,20.5,16,45,0.755,2.315,0.0122,60.37,450.98,0.1181,200,38.32,35.8633,40.7767,6,16.9,37,60,136,20.1372,0,828.895,1111.28,1674.575,0,375.545,1189.095,0,0.3989,0,0.73,0.0616,137,0.6953,0.6536,0.737,0.0067,0.3497,0.7558,0.9623,1,146,33.0137,42.2534,32.6781,0.9898
