policy,room,runs_reached,died_at_least_once_rate,final_loss_rate,moves_n,moves_mean,moves_ci_lo,moves_ci_hi,moves_min,moves_p10,moves_median,moves_p90,moves_max
greedy,1,7200,0.0046,0.0025,7200,30.0056,29.5366,30.4745,6,13,23,61,143
greedy,2,7182,0.203,0.1509,7182,30.1096,29.5639,30.6552,1,9,23,62,180
greedy,3,6098,0.1863,0.1478,6098,27.2312,26.6142,27.8483,1,6,20,59,195
greedy,4,5197,0.4343,0.3816,5197,33.974,33.1429,34.8052,1,6,25,71,263
greedy,5,1261,0.0983,0.0793,1261,27.4869,25.9602,29.0136,1,6,20,56,203
greedy,6,1293,0.0866,0.0603,1293,24.3998,23.0073,25.7923,1,5,18,46,337
greedy,7,1236,0.0655,0.0558,1236,24.9773,23.415,26.5397,1,6,18,50,330
greedy,8,2967,0.7934,0.7705,2967,46.8214,45.5422,48.1006,3,12,39,90,288
greedy-egg,1,7200,0.0135,0.0101,7200,41.3131,40.2567,42.3694,6,11,19,117,260
greedy-egg,2,7127,0.2697,0.2117,7127,49.2632,47.7324,50.794,1,8,19,150.4,375
greedy-egg,3,5618,0.2595,0.2207,5618,45.9341,44.1303,47.738,1,4,18,155,392
greedy-egg,4,4378,0.4317,0.3901,4378,45.818,43.9103,47.7256,1,6,21,129,535
greedy-egg,5,1058,0.0898,0.0718,1058,24.5066,21.9999,27.0134,1,4,15,37,394
greedy-egg,6,1058,0.0737,0.0558,1058,21.31,19.2225,23.3975,1,4,13,33,323
greedy-egg,7,1021,0.0597,0.047,1021,20.9383,18.5204,23.3562,1,4,13,31,377
greedy-egg,8,2487,0.5649,0.5344,2487,44.9421,43.8626,46.0216,3,15,41,76,231
random,1,7200,0.0289,0.021,7200,30.8707,30.4039,31.3375,7,14,24,59,172
random,2,7049,0.2854,0.2222,7049,31.0489,30.4206,31.6773,1,8,23,64,191
random,3,5483,0.2249,0.184,5483,26.8601,26.1759,27.5444,1,6,20,54,290
random,4,4474,0.489,0.4305,4474,31.7161,30.9431,32.4892,1,6,24,65,207
random,5,1018,0.1385,0.112,1018,24.1974,22.7672,25.6277,1,5,18,48,192
random,6,962,0.106,0.0915,962,23.4782,22.1021,24.8542,1,5,18,45,180
random,7,919,0.0664,0.0544,919,22.2274,20.8415,23.6133,1,6,17,39.2,202
random,8,2296,0.8127,0.7853,2296,41.5462,40.3079,42.7845,3,12,36,78,249
