policy,egg,relic,runs_cleared_r4_with,win_with,win_with_lo,win_with_hi,runs_cleared_r4_without,win_without,win_without_lo,win_without_hi,diff,note
random,ALL,echo,867,0.1926,0.1677,0.2202,1681,0.1939,0.1757,0.2135,-0.0013,"only runs that cleared room 4; ""with"" = picked at room 2/4 reward (random offer+random pick => no selection bias). Later-room relics still vary between groups (noise, not bias)."
random,ALL,shadow,869,0.1577,0.1349,0.1834,1679,0.212,0.1931,0.2322,-0.0544,"only runs that cleared room 4; ""with"" = picked at room 2/4 reward (random offer+random pick => no selection bias). Later-room relics still vary between groups (noise, not bias)."
random,ALL,spark,830,0.1867,0.1617,0.2147,1718,0.1967,0.1786,0.2162,-0.01,"only runs that cleared room 4; ""with"" = picked at room 2/4 reward (random offer+random pick => no selection bias). Later-room relics still vary between groups (noise, not bias)."
random,ALL,seed,803,0.1918,0.166,0.2205,1745,0.1943,0.1764,0.2135,-0.0025,"only runs that cleared room 4; ""with"" = picked at room 2/4 reward (random offer+random pick => no selection bias). Later-room relics still vary between groups (noise, not bias)."
random,ALL,thorn,886,0.1761,0.1524,0.2025,1662,0.2028,0.1841,0.2228,-0.0267,"only runs that cleared room 4; ""with"" = picked at room 2/4 reward (random offer+random pick => no selection bias). Later-room relics still vary between groups (noise, not bias)."
random,ALL,root,841,0.258,0.2296,0.2887,1707,0.1617,0.145,0.1799,0.0963,"only runs that cleared room 4; ""with"" = picked at room 2/4 reward (random offer+random pick => no selection bias). Later-room relics still vary between groups (noise, not bias)."
random,egg1,echo,64,0.0156,0.0028,0.0833,120,0,0,0.031,0.0156,"only runs that cleared room 4; ""with"" = picked at room 2/4 reward (random offer+random pick => no selection bias). Later-room relics still vary between groups (noise, not bias)."
random,egg1,shadow,79,0,0,0.0464,105,0.0095,0.0017,0.052,-0.0095,"only runs that cleared room 4; ""with"" = picked at room 2/4 reward (random offer+random pick => no selection bias). Later-room relics still vary between groups (noise, not bias)."
random,egg1,spark,60,0.0167,0.0029,0.0886,124,0,0,0.03,0.0167,"only runs that cleared room 4; ""with"" = picked at room 2/4 reward (random offer+random pick => no selection bias). Later-room relics still vary between groups (noise, not bias)."
random,egg1,seed,61,0,0,0.0592,123,0.0081,0.0014,0.0446,-0.0081,"only runs that cleared room 4; ""with"" = picked at room 2/4 reward (random offer+random pick => no selection bias). Later-room relics still vary between groups (noise, not bias)."
random,egg1,thorn,54,0,0,0.0664,130,0.0077,0.0014,0.0423,-0.0077,"only runs that cleared room 4; ""with"" = picked at room 2/4 reward (random offer+random pick => no selection bias). Later-room relics still vary between groups (noise, not bias)."
random,egg1,root,50,0,0,0.0714,134,0.0075,0.0013,0.0411,-0.0075,"only runs that cleared room 4; ""with"" = picked at room 2/4 reward (random offer+random pick => no selection bias). Later-room relics still vary between groups (noise, not bias)."
random,egg2,echo,127,0,0,0.0294,234,0.0043,0.0008,0.0238,-0.0043,"only runs that cleared room 4; ""with"" = picked at room 2/4 reward (random offer+random pick => no selection bias). Later-room relics still vary between groups (noise, not bias)."
random,egg2,shadow,116,0,0,0.0321,245,0.0041,0.0007,0.0228,-0.0041,"only runs that cleared room 4; ""with"" = picked at room 2/4 reward (random offer+random pick => no selection bias). Later-room relics still vary between groups (noise, not bias)."
random,egg2,spark,100,0,0,0.037,261,0.0038,0.0007,0.0214,-0.0038,"only runs that cleared room 4; ""with"" = picked at room 2/4 reward (random offer+random pick => no selection bias). Later-room relics still vary between groups (noise, not bias)."
random,egg2,seed,98,0,0,0.0377,263,0.0038,0.0007,0.0212,-0.0038,"only runs that cleared room 4; ""with"" = picked at room 2/4 reward (random offer+random pick => no selection bias). Later-room relics still vary between groups (noise, not bias)."
random,egg2,thorn,161,0.0062,0.0011,0.0343,200,0,0,0.0188,0.0062,"only runs that cleared room 4; ""with"" = picked at room 2/4 reward (random offer+random pick => no selection bias). Later-room relics still vary between groups (noise, not bias)."
random,egg2,root,120,0.0083,0.0015,0.0457,241,0,0,0.0157,0.0083,"only runs that cleared room 4; ""with"" = picked at room 2/4 reward (random offer+random pick => no selection bias). Later-room relics still vary between groups (noise, not bias)."
random,egg3,echo,325,0.4738,0.4202,0.5281,662,0.4517,0.4141,0.4897,0.0222,"only runs that cleared room 4; ""with"" = picked at room 2/4 reward (random offer+random pick => no selection bias). Later-room relics still vary between groups (noise, not bias)."
random,egg3,shadow,341,0.393,0.3426,0.4457,646,0.4938,0.4554,0.5323,-0.1008,"only runs that cleared room 4; ""with"" = picked at room 2/4 reward (random offer+random pick => no selection bias). Later-room relics still vary between groups (noise, not bias)."
random,egg3,spark,325,0.4308,0.3781,0.4851,662,0.4728,0.435,0.5109,-0.042,"only runs that cleared room 4; ""with"" = picked at room 2/4 reward (random offer+random pick => no selection bias). Later-room relics still vary between groups (noise, not bias)."
random,egg3,seed,346,0.4162,0.3654,0.4688,641,0.4821,0.4436,0.5207,-0.0659,"only runs that cleared room 4; ""with"" = picked at room 2/4 reward (random offer+random pick => no selection bias). Later-room relics still vary between groups (noise, not bias)."
random,egg3,thorn,299,0.4548,0.3993,0.5115,688,0.4608,0.4238,0.4981,-0.0059,"only runs that cleared room 4; ""with"" = picked at room 2/4 reward (random offer+random pick => no selection bias). Later-room relics still vary between groups (noise, not bias)."
random,egg3,root,338,0.5858,0.5326,0.6371,649,0.3929,0.3561,0.431,0.1929,"only runs that cleared room 4; ""with"" = picked at room 2/4 reward (random offer+random pick => no selection bias). Later-room relics still vary between groups (noise, not bias)."
random,egg4,echo,61,0,0,0.0592,103,0.0097,0.0017,0.053,-0.0097,"only runs that cleared room 4; ""with"" = picked at room 2/4 reward (random offer+random pick => no selection bias). Later-room relics still vary between groups (noise, not bias)."
random,egg4,shadow,52,0,0,0.0688,112,0.0089,0.0016,0.0488,-0.0089,"only runs that cleared room 4; ""with"" = picked at room 2/4 reward (random offer+random pick => no selection bias). Later-room relics still vary between groups (noise, not bias)."
random,egg4,spark,49,0,0,0.0727,115,0.0087,0.0015,0.0476,-0.0087,"only runs that cleared room 4; ""with"" = picked at room 2/4 reward (random offer+random pick => no selection bias). Later-room relics still vary between groups (noise, not bias)."
random,egg4,seed,35,0.0286,0.0051,0.1453,129,0,0,0.0289,0.0286,"only runs that cleared room 4; ""with"" = picked at room 2/4 reward (random offer+random pick => no selection bias). Later-room relics still vary between groups (noise, not bias)."
random,egg4,thorn,82,0.0122,0.0022,0.0659,82,0,0,0.0448,0.0122,"only runs that cleared room 4; ""with"" = picked at room 2/4 reward (random offer+random pick => no selection bias). Later-room relics still vary between groups (noise, not bias)."
random,egg4,root,49,0,0,0.0727,115,0.0087,0.0015,0.0476,-0.0087,"only runs that cleared room 4; ""with"" = picked at room 2/4 reward (random offer+random pick => no selection bias). Later-room relics still vary between groups (noise, not bias)."
random,egg5,echo,62,0,0,0.0583,119,0,0,0.0313,0,"only runs that cleared room 4; ""with"" = picked at room 2/4 reward (random offer+random pick => no selection bias). Later-room relics still vary between groups (noise, not bias)."
random,egg5,shadow,72,0,0,0.0507,109,0,0,0.034,0,"only runs that cleared room 4; ""with"" = picked at room 2/4 reward (random offer+random pick => no selection bias). Later-room relics still vary between groups (noise, not bias)."
random,egg5,spark,49,0,0,0.0727,132,0,0,0.0283,0,"only runs that cleared room 4; ""with"" = picked at room 2/4 reward (random offer+random pick => no selection bias). Later-room relics still vary between groups (noise, not bias)."
random,egg5,seed,58,0,0,0.0621,123,0,0,0.0303,0,"only runs that cleared room 4; ""with"" = picked at room 2/4 reward (random offer+random pick => no selection bias). Later-room relics still vary between groups (noise, not bias)."
random,egg5,thorn,62,0,0,0.0583,119,0,0,0.0313,0,"only runs that cleared room 4; ""with"" = picked at room 2/4 reward (random offer+random pick => no selection bias). Later-room relics still vary between groups (noise, not bias)."
random,egg5,root,59,0,0,0.0611,122,0,0,0.0305,0,"only runs that cleared room 4; ""with"" = picked at room 2/4 reward (random offer+random pick => no selection bias). Later-room relics still vary between groups (noise, not bias)."
random,egg6,echo,228,0.0526,0.0304,0.0897,443,0.0564,0.0385,0.082,-0.0038,"only runs that cleared room 4; ""with"" = picked at room 2/4 reward (random offer+random pick => no selection bias). Later-room relics still vary between groups (noise, not bias)."
random,egg6,shadow,209,0.0144,0.0049,0.0413,462,0.0736,0.0531,0.1011,-0.0592,"only runs that cleared room 4; ""with"" = picked at room 2/4 reward (random offer+random pick => no selection bias). Later-room relics still vary between groups (noise, not bias)."
random,egg6,spark,247,0.0567,0.0341,0.0929,424,0.0542,0.0364,0.0801,0.0024,"only runs that cleared room 4; ""with"" = picked at room 2/4 reward (random offer+random pick => no selection bias). Later-room relics still vary between groups (noise, not bias)."
random,egg6,seed,205,0.0439,0.0233,0.0813,466,0.0601,0.0419,0.0855,-0.0162,"only runs that cleared room 4; ""with"" = picked at room 2/4 reward (random offer+random pick => no selection bias). Later-room relics still vary between groups (noise, not bias)."
random,egg6,thorn,228,0.0789,0.0505,0.1213,443,0.0429,0.0276,0.066,0.0361,"only runs that cleared room 4; ""with"" = picked at room 2/4 reward (random offer+random pick => no selection bias). Later-room relics still vary between groups (noise, not bias)."
random,egg6,root,225,0.08,0.0512,0.1229,446,0.0426,0.0274,0.0656,0.0374,"only runs that cleared room 4; ""with"" = picked at room 2/4 reward (random offer+random pick => no selection bias). Later-room relics still vary between groups (noise, not bias)."
greedy,ALL,echo,1124,0.2144,0.1914,0.2394,2090,0.2105,0.1936,0.2285,0.0039,"only runs that cleared room 4; ""with"" = picked at room 2/4 reward (random offer+random pick => no selection bias). Later-room relics still vary between groups (noise, not bias)."
greedy,ALL,shadow,1124,0.169,0.1483,0.1921,2090,0.2349,0.2172,0.2536,-0.0659,"only runs that cleared room 4; ""with"" = picked at room 2/4 reward (random offer+random pick => no selection bias). Later-room relics still vary between groups (noise, not bias)."
greedy,ALL,spark,1054,0.2021,0.1789,0.2274,2160,0.2167,0.1998,0.2345,-0.0146,"only runs that cleared room 4; ""with"" = picked at room 2/4 reward (random offer+random pick => no selection bias). Later-room relics still vary between groups (noise, not bias)."
greedy,ALL,seed,1041,0.2027,0.1794,0.2282,2173,0.2163,0.1995,0.2341,-0.0136,"only runs that cleared room 4; ""with"" = picked at room 2/4 reward (random offer+random pick => no selection bias). Later-room relics still vary between groups (noise, not bias)."
greedy,ALL,thorn,1032,0.2297,0.205,0.2563,2182,0.2035,0.1871,0.2209,0.0262,"only runs that cleared room 4; ""with"" = picked at room 2/4 reward (random offer+random pick => no selection bias). Later-room relics still vary between groups (noise, not bias)."
greedy,ALL,root,1053,0.2564,0.231,0.2836,2161,0.1902,0.1742,0.2073,0.0662,"only runs that cleared room 4; ""with"" = picked at room 2/4 reward (random offer+random pick => no selection bias). Later-room relics still vary between groups (noise, not bias)."
greedy,egg1,echo,50,0,0,0.0714,186,0,0,0.0202,0,"only runs that cleared room 4; ""with"" = picked at room 2/4 reward (random offer+random pick => no selection bias). Later-room relics still vary between groups (noise, not bias)."
greedy,egg1,shadow,105,0,0,0.0353,131,0,0,0.0285,0,"only runs that cleared room 4; ""with"" = picked at room 2/4 reward (random offer+random pick => no selection bias). Later-room relics still vary between groups (noise, not bias)."
greedy,egg1,spark,82,0,0,0.0448,154,0,0,0.0243,0,"only runs that cleared room 4; ""with"" = picked at room 2/4 reward (random offer+random pick => no selection bias). Later-room relics still vary between groups (noise, not bias)."
greedy,egg1,seed,91,0,0,0.0405,145,0,0,0.0258,0,"only runs that cleared room 4; ""with"" = picked at room 2/4 reward (random offer+random pick => no selection bias). Later-room relics still vary between groups (noise, not bias)."
greedy,egg1,thorn,78,0,0,0.0469,158,0,0,0.0237,0,"only runs that cleared room 4; ""with"" = picked at room 2/4 reward (random offer+random pick => no selection bias). Later-room relics still vary between groups (noise, not bias)."
greedy,egg1,root,66,0,0,0.055,170,0,0,0.0221,0,"only runs that cleared room 4; ""with"" = picked at room 2/4 reward (random offer+random pick => no selection bias). Later-room relics still vary between groups (noise, not bias)."
greedy,egg2,echo,226,0.0177,0.0069,0.0446,316,0.0032,0.0006,0.0177,0.0145,"only runs that cleared room 4; ""with"" = picked at room 2/4 reward (random offer+random pick => no selection bias). Later-room relics still vary between groups (noise, not bias)."
greedy,egg2,shadow,185,0,0,0.0203,357,0.014,0.006,0.0324,-0.014,"only runs that cleared room 4; ""with"" = picked at room 2/4 reward (random offer+random pick => no selection bias). Later-room relics still vary between groups (noise, not bias)."
greedy,egg2,spark,162,0,0,0.0232,380,0.0132,0.0056,0.0304,-0.0132,"only runs that cleared room 4; ""with"" = picked at room 2/4 reward (random offer+random pick => no selection bias). Later-room relics still vary between groups (noise, not bias)."
greedy,egg2,seed,174,0.0115,0.0032,0.0409,368,0.0082,0.0028,0.0237,0.0033,"only runs that cleared room 4; ""with"" = picked at room 2/4 reward (random offer+random pick => no selection bias). Later-room relics still vary between groups (noise, not bias)."
greedy,egg2,thorn,146,0.0205,0.007,0.0587,396,0.0051,0.0014,0.0182,0.0155,"only runs that cleared room 4; ""with"" = picked at room 2/4 reward (random offer+random pick => no selection bias). Later-room relics still vary between groups (noise, not bias)."
greedy,egg2,root,191,0.0052,0.0009,0.0291,351,0.0114,0.0044,0.0289,-0.0062,"only runs that cleared room 4; ""with"" = picked at room 2/4 reward (random offer+random pick => no selection bias). Later-room relics still vary between groups (noise, not bias)."
greedy,egg3,echo,358,0.5251,0.4734,0.5763,697,0.5466,0.5095,0.5832,-0.0215,"only runs that cleared room 4; ""with"" = picked at room 2/4 reward (random offer+random pick => no selection bias). Later-room relics still vary between groups (noise, not bias)."
greedy,egg3,shadow,352,0.483,0.4312,0.5351,703,0.5676,0.5307,0.6037,-0.0846,"only runs that cleared room 4; ""with"" = picked at room 2/4 reward (random offer+random pick => no selection bias). Later-room relics still vary between groups (noise, not bias)."
greedy,egg3,spark,368,0.5,0.4492,0.5508,687,0.5604,0.5231,0.5971,-0.0604,"only runs that cleared room 4; ""with"" = picked at room 2/4 reward (random offer+random pick => no selection bias). Later-room relics still vary between groups (noise, not bias)."
greedy,egg3,seed,337,0.543,0.4897,0.5954,718,0.5376,0.501,0.5738,0.0054,"only runs that cleared room 4; ""with"" = picked at room 2/4 reward (random offer+random pick => no selection bias). Later-room relics still vary between groups (noise, not bias)."
greedy,egg3,thorn,348,0.5431,0.4906,0.5947,707,0.5375,0.5006,0.5739,0.0056,"only runs that cleared room 4; ""with"" = picked at room 2/4 reward (random offer+random pick => no selection bias). Later-room relics still vary between groups (noise, not bias)."
greedy,egg3,root,347,0.6455,0.5939,0.694,708,0.4873,0.4506,0.5241,0.1582,"only runs that cleared room 4; ""with"" = picked at room 2/4 reward (random offer+random pick => no selection bias). Later-room relics still vary between groups (noise, not bias)."
greedy,egg4,echo,96,0.0104,0.0018,0.0567,211,0.0095,0.0026,0.0339,0.0009,"only runs that cleared room 4; ""with"" = picked at room 2/4 reward (random offer+random pick => no selection bias). Later-room relics still vary between groups (noise, not bias)."
greedy,egg4,shadow,110,0,0,0.0337,197,0.0152,0.0052,0.0438,-0.0152,"only runs that cleared room 4; ""with"" = picked at room 2/4 reward (random offer+random pick => no selection bias). Later-room relics still vary between groups (noise, not bias)."
greedy,egg4,spark,105,0,0,0.0353,202,0.0149,0.0051,0.0427,-0.0149,"only runs that cleared room 4; ""with"" = picked at room 2/4 reward (random offer+random pick => no selection bias). Later-room relics still vary between groups (noise, not bias)."
greedy,egg4,seed,90,0.0222,0.0061,0.0774,217,0.0046,0.0008,0.0256,0.0176,"only runs that cleared room 4; ""with"" = picked at room 2/4 reward (random offer+random pick => no selection bias). Later-room relics still vary between groups (noise, not bias)."
greedy,egg4,thorn,113,0.0177,0.0049,0.0622,194,0.0052,0.0009,0.0286,0.0125,"only runs that cleared room 4; ""with"" = picked at room 2/4 reward (random offer+random pick => no selection bias). Later-room relics still vary between groups (noise, not bias)."
greedy,egg4,root,100,0.01,0.0018,0.0545,207,0.0097,0.0027,0.0345,0.0003,"only runs that cleared room 4; ""with"" = picked at room 2/4 reward (random offer+random pick => no selection bias). Later-room relics still vary between groups (noise, not bias)."
greedy,egg5,echo,102,0,0,0.0363,160,0.0313,0.0134,0.0711,-0.0313,"only runs that cleared room 4; ""with"" = picked at room 2/4 reward (random offer+random pick => no selection bias). Later-room relics still vary between groups (noise, not bias)."
greedy,egg5,shadow,89,0.0112,0.002,0.0609,173,0.0231,0.009,0.0579,-0.0119,"only runs that cleared room 4; ""with"" = picked at room 2/4 reward (random offer+random pick => no selection bias). Later-room relics still vary between groups (noise, not bias)."
greedy,egg5,spark,76,0.0263,0.0072,0.091,186,0.0161,0.0055,0.0463,0.0102,"only runs that cleared room 4; ""with"" = picked at room 2/4 reward (random offer+random pick => no selection bias). Later-room relics still vary between groups (noise, not bias)."
greedy,egg5,seed,92,0.0326,0.0112,0.0915,170,0.0118,0.0032,0.0419,0.0208,"only runs that cleared room 4; ""with"" = picked at room 2/4 reward (random offer+random pick => no selection bias). Later-room relics still vary between groups (noise, not bias)."
greedy,egg5,thorn,85,0.0235,0.0065,0.0818,177,0.0169,0.0058,0.0486,0.0066,"only runs that cleared room 4; ""with"" = picked at room 2/4 reward (random offer+random pick => no selection bias). Later-room relics still vary between groups (noise, not bias)."
greedy,egg5,root,80,0.025,0.0069,0.0866,182,0.0165,0.0056,0.0473,0.0085,"only runs that cleared room 4; ""with"" = picked at room 2/4 reward (random offer+random pick => no selection bias). Later-room relics still vary between groups (noise, not bias)."
greedy,egg6,echo,292,0.1644,0.1263,0.2112,520,0.0981,0.0754,0.1267,0.0663,"only runs that cleared room 4; ""with"" = picked at room 2/4 reward (random offer+random pick => no selection bias). Later-room relics still vary between groups (noise, not bias)."
greedy,egg6,shadow,283,0.0671,0.0434,0.1025,529,0.1512,0.1232,0.1843,-0.0841,"only runs that cleared room 4; ""with"" = picked at room 2/4 reward (random offer+random pick => no selection bias). Later-room relics still vary between groups (noise, not bias)."
greedy,egg6,spark,261,0.1034,0.0721,0.1463,551,0.1307,0.1051,0.1614,-0.0272,"only runs that cleared room 4; ""with"" = picked at room 2/4 reward (random offer+random pick => no selection bias). Later-room relics still vary between groups (noise, not bias)."
greedy,egg6,seed,257,0.0817,0.0541,0.1217,555,0.1405,0.1141,0.1719,-0.0588,"only runs that cleared room 4; ""with"" = picked at room 2/4 reward (random offer+random pick => no selection bias). Later-room relics still vary between groups (noise, not bias)."
greedy,egg6,thorn,262,0.1565,0.1175,0.2054,550,0.1055,0.0825,0.1339,0.051,"only runs that cleared room 4; ""with"" = picked at room 2/4 reward (random offer+random pick => no selection bias). Later-room relics still vary between groups (noise, not bias)."
greedy,egg6,root,269,0.1561,0.1176,0.2043,543,0.105,0.0819,0.1336,0.0512,"only runs that cleared room 4; ""with"" = picked at room 2/4 reward (random offer+random pick => no selection bias). Later-room relics still vary between groups (noise, not bias)."
greedy-egg,ALL,echo,910,0.4264,0.3946,0.4587,1760,0.4375,0.4145,0.4608,-0.0111,"only runs that cleared room 4; ""with"" = picked at room 2/4 reward (random offer+random pick => no selection bias). Later-room relics still vary between groups (noise, not bias)."
greedy-egg,ALL,shadow,834,0.3921,0.3595,0.4256,1836,0.4526,0.43,0.4755,-0.0605,"only runs that cleared room 4; ""with"" = picked at room 2/4 reward (random offer+random pick => no selection bias). Later-room relics still vary between groups (noise, not bias)."
greedy-egg,ALL,spark,839,0.4338,0.4007,0.4676,1831,0.4336,0.4111,0.4565,0.0002,"only runs that cleared room 4; ""with"" = picked at room 2/4 reward (random offer+random pick => no selection bias). Later-room relics still vary between groups (noise, not bias)."
greedy-egg,ALL,seed,896,0.4096,0.3779,0.4421,1774,0.4459,0.4229,0.4691,-0.0363,"only runs that cleared room 4; ""with"" = picked at room 2/4 reward (random offer+random pick => no selection bias). Later-room relics still vary between groups (noise, not bias)."
greedy-egg,ALL,thorn,995,0.4161,0.3858,0.447,1675,0.4442,0.4205,0.4681,-0.0281,"only runs that cleared room 4; ""with"" = picked at room 2/4 reward (random offer+random pick => no selection bias). Later-room relics still vary between groups (noise, not bias)."
greedy-egg,ALL,root,866,0.5266,0.4933,0.5596,1804,0.3891,0.3669,0.4118,0.1374,"only runs that cleared room 4; ""with"" = picked at room 2/4 reward (random offer+random pick => no selection bias). Later-room relics still vary between groups (noise, not bias)."
greedy-egg,egg1,echo,13,0,0,0.2281,16,0,0,0.1936,0,"only runs that cleared room 4; ""with"" = picked at room 2/4 reward (random offer+random pick => no selection bias). Later-room relics still vary between groups (noise, not bias)."
greedy-egg,egg1,shadow,12,0,0,0.2425,17,0,0,0.1843,0,"only runs that cleared room 4; ""with"" = picked at room 2/4 reward (random offer+random pick => no selection bias). Later-room relics still vary between groups (noise, not bias)."
greedy-egg,egg1,spark,10,0,0,0.2775,19,0,0,0.1682,0,"only runs that cleared room 4; ""with"" = picked at room 2/4 reward (random offer+random pick => no selection bias). Later-room relics still vary between groups (noise, not bias)."
greedy-egg,egg1,seed,15,0,0,0.2039,14,0,0,0.2153,0,"only runs that cleared room 4; ""with"" = picked at room 2/4 reward (random offer+random pick => no selection bias). Later-room relics still vary between groups (noise, not bias)."
greedy-egg,egg1,thorn,4,0,0,0.4899,25,0,0,0.1332,0,"only runs that cleared room 4; ""with"" = picked at room 2/4 reward (random offer+random pick => no selection bias). Later-room relics still vary between groups (noise, not bias)."
greedy-egg,egg1,root,4,0,0,0.4899,25,0,0,0.1332,0,"only runs that cleared room 4; ""with"" = picked at room 2/4 reward (random offer+random pick => no selection bias). Later-room relics still vary between groups (noise, not bias)."
greedy-egg,egg2,echo,132,0.0076,0.0013,0.0417,235,0.0085,0.0023,0.0305,-0.0009,"only runs that cleared room 4; ""with"" = picked at room 2/4 reward (random offer+random pick => no selection bias). Later-room relics still vary between groups (noise, not bias)."
greedy-egg,egg2,shadow,96,0,0,0.0385,271,0.0111,0.0038,0.032,-0.0111,"only runs that cleared room 4; ""with"" = picked at room 2/4 reward (random offer+random pick => no selection bias). Later-room relics still vary between groups (noise, not bias)."
greedy-egg,egg2,spark,102,0.0196,0.0054,0.0687,265,0.0038,0.0007,0.0211,0.0158,"only runs that cleared room 4; ""with"" = picked at room 2/4 reward (random offer+random pick => no selection bias). Later-room relics still vary between groups (noise, not bias)."
greedy-egg,egg2,seed,123,0,0,0.0303,244,0.0123,0.0042,0.0355,-0.0123,"only runs that cleared room 4; ""with"" = picked at room 2/4 reward (random offer+random pick => no selection bias). Later-room relics still vary between groups (noise, not bias)."
greedy-egg,egg2,thorn,172,0.0174,0.0059,0.05,195,0,0,0.0193,0.0174,"only runs that cleared room 4; ""with"" = picked at room 2/4 reward (random offer+random pick => no selection bias). Later-room relics still vary between groups (noise, not bias)."
greedy-egg,egg2,root,109,0,0,0.034,258,0.0116,0.004,0.0336,-0.0116,"only runs that cleared room 4; ""with"" = picked at room 2/4 reward (random offer+random pick => no selection bias). Later-room relics still vary between groups (noise, not bias)."
greedy-egg,egg3,echo,395,0.7722,0.7283,0.8108,785,0.8076,0.7786,0.8337,-0.0355,"only runs that cleared room 4; ""with"" = picked at room 2/4 reward (random offer+random pick => no selection bias). Later-room relics still vary between groups (noise, not bias)."
greedy-egg,egg3,shadow,369,0.7724,0.7269,0.8122,811,0.8064,0.7778,0.8321,-0.0341,"only runs that cleared room 4; ""with"" = picked at room 2/4 reward (random offer+random pick => no selection bias). Later-room relics still vary between groups (noise, not bias)."
greedy-egg,egg3,spark,375,0.768,0.7227,0.8079,805,0.8087,0.7801,0.8344,-0.0407,"only runs that cleared room 4; ""with"" = picked at room 2/4 reward (random offer+random pick => no selection bias). Later-room relics still vary between groups (noise, not bias)."
greedy-egg,egg3,seed,400,0.7725,0.7289,0.8109,780,0.8077,0.7786,0.8338,-0.0352,"only runs that cleared room 4; ""with"" = picked at room 2/4 reward (random offer+random pick => no selection bias). Later-room relics still vary between groups (noise, not bias)."
greedy-egg,egg3,thorn,414,0.785,0.7429,0.8219,766,0.8016,0.7718,0.8283,-0.0165,"only runs that cleared room 4; ""with"" = picked at room 2/4 reward (random offer+random pick => no selection bias). Later-room relics still vary between groups (noise, not bias)."
greedy-egg,egg3,root,407,0.8993,0.8662,0.9249,773,0.7413,0.7093,0.7709,0.158,"only runs that cleared room 4; ""with"" = picked at room 2/4 reward (random offer+random pick => no selection bias). Later-room relics still vary between groups (noise, not bias)."
greedy-egg,egg4,echo,35,0,0,0.0989,82,0,0,0.0448,0,"only runs that cleared room 4; ""with"" = picked at room 2/4 reward (random offer+random pick => no selection bias). Later-room relics still vary between groups (noise, not bias)."
greedy-egg,egg4,shadow,27,0,0,0.1246,90,0,0,0.0409,0,"only runs that cleared room 4; ""with"" = picked at room 2/4 reward (random offer+random pick => no selection bias). Later-room relics still vary between groups (noise, not bias)."
greedy-egg,egg4,spark,25,0,0,0.1332,92,0,0,0.0401,0,"only runs that cleared room 4; ""with"" = picked at room 2/4 reward (random offer+random pick => no selection bias). Later-room relics still vary between groups (noise, not bias)."
greedy-egg,egg4,seed,40,0,0,0.0876,77,0,0,0.0475,0,"only runs that cleared room 4; ""with"" = picked at room 2/4 reward (random offer+random pick => no selection bias). Later-room relics still vary between groups (noise, not bias)."
greedy-egg,egg4,thorn,73,0,0,0.05,44,0,0,0.0803,0,"only runs that cleared room 4; ""with"" = picked at room 2/4 reward (random offer+random pick => no selection bias). Later-room relics still vary between groups (noise, not bias)."
greedy-egg,egg4,root,34,0,0,0.1015,83,0,0,0.0442,0,"only runs that cleared room 4; ""with"" = picked at room 2/4 reward (random offer+random pick => no selection bias). Later-room relics still vary between groups (noise, not bias)."
greedy-egg,egg5,echo,38,0,0,0.0918,73,0.0274,0.0075,0.0945,-0.0274,"only runs that cleared room 4; ""with"" = picked at room 2/4 reward (random offer+random pick => no selection bias). Later-room relics still vary between groups (noise, not bias)."
greedy-egg,egg5,shadow,37,0,0,0.0941,74,0.027,0.0074,0.0933,-0.027,"only runs that cleared room 4; ""with"" = picked at room 2/4 reward (random offer+random pick => no selection bias). Later-room relics still vary between groups (noise, not bias)."
greedy-egg,egg5,spark,41,0.0244,0.0043,0.126,70,0.0143,0.0025,0.0766,0.0101,"only runs that cleared room 4; ""with"" = picked at room 2/4 reward (random offer+random pick => no selection bias). Later-room relics still vary between groups (noise, not bias)."
greedy-egg,egg5,seed,35,0,0,0.0989,76,0.0263,0.0072,0.091,-0.0263,"only runs that cleared room 4; ""with"" = picked at room 2/4 reward (random offer+random pick => no selection bias). Later-room relics still vary between groups (noise, not bias)."
greedy-egg,egg5,thorn,30,0.0333,0.0059,0.1667,81,0.0123,0.0022,0.0667,0.021,"only runs that cleared room 4; ""with"" = picked at room 2/4 reward (random offer+random pick => no selection bias). Later-room relics still vary between groups (noise, not bias)."
greedy-egg,egg5,root,41,0.0488,0.0135,0.1614,70,0,0,0.052,0.0488,"only runs that cleared room 4; ""with"" = picked at room 2/4 reward (random offer+random pick => no selection bias). Later-room relics still vary between groups (noise, not bias)."
greedy-egg,egg6,echo,297,0.2761,0.2284,0.3296,569,0.232,0.1992,0.2684,0.0441,"only runs that cleared room 4; ""with"" = picked at room 2/4 reward (random offer+random pick => no selection bias). Later-room relics still vary between groups (noise, not bias)."
greedy-egg,egg6,shadow,293,0.1433,0.1078,0.1881,573,0.3002,0.2641,0.3389,-0.1568,"only runs that cleared room 4; ""with"" = picked at room 2/4 reward (random offer+random pick => no selection bias). Later-room relics still vary between groups (noise, not bias)."
greedy-egg,egg6,spark,286,0.2552,0.2082,0.3088,580,0.2431,0.21,0.2796,0.0121,"only runs that cleared room 4; ""with"" = picked at room 2/4 reward (random offer+random pick => no selection bias). Later-room relics still vary between groups (noise, not bias)."
greedy-egg,egg6,seed,283,0.2049,0.162,0.2558,583,0.2676,0.2333,0.305,-0.0626,"only runs that cleared room 4; ""with"" = picked at room 2/4 reward (random offer+random pick => no selection bias). Later-room relics still vary between groups (noise, not bias)."
greedy-egg,egg6,thorn,302,0.2815,0.2337,0.3347,564,0.2287,0.196,0.2652,0.0527,"only runs that cleared room 4; ""with"" = picked at room 2/4 reward (random offer+random pick => no selection bias). Later-room relics still vary between groups (noise, not bias)."
greedy-egg,egg6,root,271,0.3247,0.2718,0.3826,595,0.2118,0.1808,0.2464,0.113,"only runs that cleared room 4; ""with"" = picked at room 2/4 reward (random offer+random pick => no selection bias). Later-room relics still vary between groups (noise, not bias)."
ALL,ALL,echo,2901,0.2744,0.2585,0.2909,5531,0.2777,0.2661,0.2897,-0.0033,"only runs that cleared room 4; ""with"" = picked at room 2/4 reward (random offer+random pick => no selection bias). Later-room relics still vary between groups (noise, not bias)."
ALL,ALL,shadow,2827,0.2313,0.2162,0.2472,5605,0.2994,0.2875,0.3115,-0.068,"only runs that cleared room 4; ""with"" = picked at room 2/4 reward (random offer+random pick => no selection bias). Later-room relics still vary between groups (noise, not bias)."
ALL,ALL,spark,2723,0.2688,0.2525,0.2858,5709,0.2803,0.2688,0.2921,-0.0114,"only runs that cleared room 4; ""with"" = picked at room 2/4 reward (random offer+random pick => no selection bias). Later-room relics still vary between groups (noise, not bias)."
ALL,ALL,seed,2740,0.2672,0.2509,0.284,5692,0.2811,0.2696,0.2929,-0.0139,"only runs that cleared room 4; ""with"" = picked at room 2/4 reward (random offer+random pick => no selection bias). Later-room relics still vary between groups (noise, not bias)."
ALL,ALL,thorn,2913,0.277,0.2611,0.2936,5519,0.2763,0.2647,0.2883,0.0007,"only runs that cleared room 4; ""with"" = picked at room 2/4 reward (random offer+random pick => no selection bias). Later-room relics still vary between groups (noise, not bias)."
ALL,ALL,root,2760,0.3417,0.3242,0.3596,5672,0.2449,0.2339,0.2562,0.0968,"only runs that cleared room 4; ""with"" = picked at room 2/4 reward (random offer+random pick => no selection bias). Later-room relics still vary between groups (noise, not bias)."
ALL,egg1,echo,127,0.0079,0.0014,0.0433,322,0,0,0.0118,0.0079,"only runs that cleared room 4; ""with"" = picked at room 2/4 reward (random offer+random pick => no selection bias). Later-room relics still vary between groups (noise, not bias)."
ALL,egg1,shadow,196,0,0,0.0192,253,0.004,0.0007,0.022,-0.004,"only runs that cleared room 4; ""with"" = picked at room 2/4 reward (random offer+random pick => no selection bias). Later-room relics still vary between groups (noise, not bias)."
ALL,egg1,spark,152,0.0066,0.0012,0.0363,297,0,0,0.0128,0.0066,"only runs that cleared room 4; ""with"" = picked at room 2/4 reward (random offer+random pick => no selection bias). Later-room relics still vary between groups (noise, not bias)."
ALL,egg1,seed,167,0,0,0.0225,282,0.0035,0.0006,0.0198,-0.0035,"only runs that cleared room 4; ""with"" = picked at room 2/4 reward (random offer+random pick => no selection bias). Later-room relics still vary between groups (noise, not bias)."
ALL,egg1,thorn,136,0,0,0.0275,313,0.0032,0.0006,0.0179,-0.0032,"only runs that cleared room 4; ""with"" = picked at room 2/4 reward (random offer+random pick => no selection bias). Later-room relics still vary between groups (noise, not bias)."
ALL,egg1,root,120,0,0,0.031,329,0.003,0.0005,0.017,-0.003,"only runs that cleared room 4; ""with"" = picked at room 2/4 reward (random offer+random pick => no selection bias). Later-room relics still vary between groups (noise, not bias)."
ALL,egg2,echo,485,0.0103,0.0044,0.0239,785,0.0051,0.002,0.013,0.0052,"only runs that cleared room 4; ""with"" = picked at room 2/4 reward (random offer+random pick => no selection bias). Later-room relics still vary between groups (noise, not bias)."
ALL,egg2,shadow,397,0,0,0.0096,873,0.0103,0.0054,0.0195,-0.0103,"only runs that cleared room 4; ""with"" = picked at room 2/4 reward (random offer+random pick => no selection bias). Later-room relics still vary between groups (noise, not bias)."
ALL,egg2,spark,364,0.0055,0.0015,0.0198,906,0.0077,0.0037,0.0159,-0.0022,"only runs that cleared room 4; ""with"" = picked at room 2/4 reward (random offer+random pick => no selection bias). Later-room relics still vary between groups (noise, not bias)."
ALL,egg2,seed,395,0.0051,0.0014,0.0183,875,0.008,0.0039,0.0164,-0.0029,"only runs that cleared room 4; ""with"" = picked at room 2/4 reward (random offer+random pick => no selection bias). Later-room relics still vary between groups (noise, not bias)."
ALL,egg2,thorn,479,0.0146,0.0071,0.0299,791,0.0025,0.0007,0.0092,0.0121,"only runs that cleared room 4; ""with"" = picked at room 2/4 reward (random offer+random pick => no selection bias). Later-room relics still vary between groups (noise, not bias)."
ALL,egg2,root,420,0.0048,0.0013,0.0172,850,0.0082,0.004,0.0169,-0.0035,"only runs that cleared room 4; ""with"" = picked at room 2/4 reward (random offer+random pick => no selection bias). Later-room relics still vary between groups (noise, not bias)."
ALL,egg3,echo,1078,0.6002,0.5706,0.629,2144,0.6129,0.5921,0.6333,-0.0127,"only runs that cleared room 4; ""with"" = picked at room 2/4 reward (random offer+random pick => no selection bias). Later-room relics still vary between groups (noise, not bias)."
ALL,egg3,shadow,1062,0.5546,0.5246,0.5843,2160,0.6352,0.6147,0.6552,-0.0806,"only runs that cleared room 4; ""with"" = picked at room 2/4 reward (random offer+random pick => no selection bias). Later-room relics still vary between groups (noise, not bias)."
ALL,egg3,spark,1068,0.573,0.5432,0.6024,2154,0.6263,0.6056,0.6465,-0.0532,"only runs that cleared room 4; ""with"" = picked at room 2/4 reward (random offer+random pick => no selection bias). Later-room relics still vary between groups (noise, not bias)."
ALL,egg3,seed,1083,0.5873,0.5577,0.6162,2139,0.6194,0.5987,0.6398,-0.0322,"only runs that cleared room 4; ""with"" = picked at room 2/4 reward (random offer+random pick => no selection bias). Later-room relics still vary between groups (noise, not bias)."
ALL,egg3,thorn,1061,0.6126,0.583,0.6415,2161,0.6067,0.5859,0.6271,0.006,"only runs that cleared room 4; ""with"" = picked at room 2/4 reward (random offer+random pick => no selection bias). Later-room relics still vary between groups (noise, not bias)."
ALL,egg3,root,1092,0.7216,0.6943,0.7474,2130,0.5507,0.5295,0.5717,0.1709,"only runs that cleared room 4; ""with"" = picked at room 2/4 reward (random offer+random pick => no selection bias). Later-room relics still vary between groups (noise, not bias)."
ALL,egg4,echo,192,0.0052,0.0009,0.0289,396,0.0076,0.0026,0.022,-0.0024,"only runs that cleared room 4; ""with"" = picked at room 2/4 reward (random offer+random pick => no selection bias). Later-room relics still vary between groups (noise, not bias)."
ALL,egg4,shadow,189,0,0,0.0199,399,0.01,0.0039,0.0255,-0.01,"only runs that cleared room 4; ""with"" = picked at room 2/4 reward (random offer+random pick => no selection bias). Later-room relics still vary between groups (noise, not bias)."
ALL,egg4,spark,179,0,0,0.021,409,0.0098,0.0038,0.0249,-0.0098,"only runs that cleared room 4; ""with"" = picked at room 2/4 reward (random offer+random pick => no selection bias). Later-room relics still vary between groups (noise, not bias)."
ALL,egg4,seed,165,0.0182,0.0062,0.0521,423,0.0024,0.0004,0.0133,0.0158,"only runs that cleared room 4; ""with"" = picked at room 2/4 reward (random offer+random pick => no selection bias). Later-room relics still vary between groups (noise, not bias)."
ALL,egg4,thorn,268,0.0112,0.0038,0.0324,320,0.0031,0.0006,0.0175,0.0081,"only runs that cleared room 4; ""with"" = picked at room 2/4 reward (random offer+random pick => no selection bias). Later-room relics still vary between groups (noise, not bias)."
ALL,egg4,root,183,0.0055,0.001,0.0303,405,0.0074,0.0025,0.0215,-0.0019,"only runs that cleared room 4; ""with"" = picked at room 2/4 reward (random offer+random pick => no selection bias). Later-room relics still vary between groups (noise, not bias)."
ALL,egg5,echo,202,0,0,0.0187,352,0.0199,0.0097,0.0405,-0.0199,"only runs that cleared room 4; ""with"" = picked at room 2/4 reward (random offer+random pick => no selection bias). Later-room relics still vary between groups (noise, not bias)."
ALL,egg5,shadow,198,0.0051,0.0009,0.028,356,0.0169,0.0077,0.0363,-0.0118,"only runs that cleared room 4; ""with"" = picked at room 2/4 reward (random offer+random pick => no selection bias). Later-room relics still vary between groups (noise, not bias)."
ALL,egg5,spark,166,0.0181,0.0062,0.0518,388,0.0103,0.004,0.0262,0.0078,"only runs that cleared room 4; ""with"" = picked at room 2/4 reward (random offer+random pick => no selection bias). Later-room relics still vary between groups (noise, not bias)."
ALL,egg5,seed,185,0.0162,0.0055,0.0466,369,0.0108,0.0042,0.0275,0.0054,"only runs that cleared room 4; ""with"" = picked at room 2/4 reward (random offer+random pick => no selection bias). Later-room relics still vary between groups (noise, not bias)."
ALL,egg5,thorn,177,0.0169,0.0058,0.0486,377,0.0106,0.0041,0.027,0.0063,"only runs that cleared room 4; ""with"" = picked at room 2/4 reward (random offer+random pick => no selection bias). Later-room relics still vary between groups (noise, not bias)."
ALL,egg5,root,180,0.0222,0.0087,0.0557,374,0.008,0.0027,0.0233,0.0142,"only runs that cleared room 4; ""with"" = picked at room 2/4 reward (random offer+random pick => no selection bias). Later-room relics still vary between groups (noise, not bias)."
ALL,egg6,echo,817,0.1738,0.1494,0.2013,1532,0.1358,0.1195,0.1538,0.038,"only runs that cleared room 4; ""with"" = picked at room 2/4 reward (random offer+random pick => no selection bias). Later-room relics still vary between groups (noise, not bias)."
ALL,egg6,shadow,785,0.0815,0.0644,0.1028,1564,0.1829,0.1645,0.2028,-0.1013,"only runs that cleared room 4; ""with"" = picked at room 2/4 reward (random offer+random pick => no selection bias). Later-room relics still vary between groups (noise, not bias)."
ALL,egg6,spark,794,0.1436,0.1209,0.1697,1555,0.1518,0.1348,0.1705,-0.0082,"only runs that cleared room 4; ""with"" = picked at room 2/4 reward (random offer+random pick => no selection bias). Later-room relics still vary between groups (noise, not bias)."
ALL,egg6,seed,745,0.1181,0.0969,0.1433,1604,0.1633,0.1461,0.1822,-0.0452,"only runs that cleared room 4; ""with"" = picked at room 2/4 reward (random offer+random pick => no selection bias). Later-room relics still vary between groups (noise, not bias)."
ALL,egg6,thorn,792,0.1818,0.1565,0.2102,1557,0.1323,0.1164,0.15,0.0495,"only runs that cleared room 4; ""with"" = picked at room 2/4 reward (random offer+random pick => no selection bias). Later-room relics still vary between groups (noise, not bias)."
ALL,egg6,root,765,0.1935,0.167,0.223,1584,0.1275,0.112,0.1449,0.0659,"only runs that cleared room 4; ""with"" = picked at room 2/4 reward (random offer+random pick => no selection bias). Later-room relics still vary between groups (noise, not bias)."
