form_id,policy,win_p0.7,win_p0.7_lo,win_p0.7_hi,swipes_median_p0.7,win_p0.5,win_p0.5_lo,win_p0.5_hi,swipes_median_p0.5,win_p0.9,win_p0.9_lo,win_p0.9_hi,swipes_median_p0.9
egg1-balanced-A,greedy-egg,0,0,0.0188,25.5,0,0,0.0188,23,0,0,0.0188,30
egg1-balanced-A,greedy,0,0,0.0188,41,0,0,0.0188,36,0,0,0.0188,49
egg1-balanced-A,random,0,0,0.0188,34,0,0,0.0188,31,0,0,0.0188,40
egg1-balanced-B,greedy-egg,0,0,0.0188,53,0,0,0.0188,50,0,0,0.0188,58
egg1-balanced-B,greedy,0,0,0.0188,113,0,0,0.0188,104,0.01,0.0027,0.0357,126
egg1-balanced-B,random,0.005,0.0009,0.0278,104.5,0.005,0.0009,0.0278,95.5,0.005,0.0009,0.0278,114
egg1-control,greedy-egg,0,0,0.0188,22,0,0,0.0188,21,0,0,0.0188,25.5
egg1-control,greedy,0,0,0.0188,33.5,0,0,0.0188,29,0,0,0.0188,40.5
egg1-control,random,0,0,0.0188,30,0,0,0.0188,28,0,0,0.0188,35
egg1-math-A,greedy-egg,0,0,0.0188,25,0,0,0.0188,22,0,0,0.0188,30
egg1-math-A,greedy,0,0,0.0188,41.5,0,0,0.0188,38,0,0,0.0188,50.5
egg1-math-A,random,0,0,0.0188,38,0,0,0.0188,31,0,0,0.0188,46
egg1-math-B,greedy-egg,0,0,0.0188,49,0,0,0.0188,44.5,0,0,0.0188,54
egg1-math-B,greedy,0,0,0.0188,88,0,0,0.0188,85,0,0,0.0188,108.5
egg1-math-B,random,0,0,0.0188,90,0,0,0.0188,85,0,0,0.0188,103
egg1-science-A,greedy-egg,0,0,0.0188,25,0,0,0.0188,22.5,0,0,0.0188,29
egg1-science-A,greedy,0,0,0.0188,40,0,0,0.0188,38,0,0,0.0188,48.5
egg1-science-A,random,0,0,0.0188,35,0,0,0.0188,31,0,0,0.0188,41
egg1-science-B,greedy-egg,0,0,0.0188,25,0,0,0.0188,23,0,0,0.0188,30
egg1-science-B,greedy,0,0,0.0188,42.5,0,0,0.0188,39,0,0,0.0188,51
egg1-science-B,random,0,0,0.0188,37,0,0,0.0188,32,0,0,0.0188,43
egg2-balanced-A,greedy-egg,0,0,0.0188,412,0,0,0.0188,380,0,0,0.0188,434
egg2-balanced-A,greedy,0,0,0.0188,150,0,0,0.0188,130.5,0,0,0.0188,161.5
egg2-balanced-A,random,0,0,0.0188,109,0,0,0.0188,104.5,0,0,0.0188,140.5
egg2-balanced-B,greedy-egg,0,0,0.0188,574,0,0,0.0188,571.5,0.005,0.0009,0.0278,604
egg2-balanced-B,greedy,0.015,0.0051,0.0432,276,0.01,0.0027,0.0357,263.5,0.025,0.0107,0.0572,295
egg2-balanced-B,random,0,0,0.0188,233.5,0,0,0.0188,230,0,0,0.0188,245.5
egg2-control,greedy-egg,0,0,0.0188,374.5,0,0,0.0188,352,0,0,0.0188,397
egg2-control,greedy,0,0,0.0188,143.5,0,0,0.0188,132,0,0,0.0188,157.5
egg2-control,random,0,0,0.0188,105.5,0,0,0.0188,96,0,0,0.0188,120.5
egg2-math-A,greedy-egg,0.005,0.0009,0.0278,218,0,0,0.0188,204,0.005,0.0009,0.0278,233.5
egg2-math-A,greedy,0,0,0.0188,106,0,0,0.0188,102,0,0,0.0188,114.5
egg2-math-A,random,0,0,0.0188,89,0,0,0.0188,70,0,0,0.0188,101
egg2-math-B,greedy-egg,0,0,0.0188,551.5,0,0,0.0188,541,0,0,0.0188,584
egg2-math-B,greedy,0,0,0.0188,263,0,0,0.0188,255,0.005,0.0009,0.0278,286
egg2-math-B,random,0,0,0.0188,216,0,0,0.0188,208.5,0.005,0.0009,0.0278,230.5
egg2-science-A,greedy-egg,0.005,0.0009,0.0278,606.5,0.005,0.0009,0.0278,588,0.01,0.0027,0.0357,625.5
egg2-science-A,greedy,0.01,0.0027,0.0357,288.5,0.01,0.0027,0.0357,278.5,0.01,0.0027,0.0357,312.5
egg2-science-A,random,0.005,0.0009,0.0278,264.5,0.005,0.0009,0.0278,260,0.005,0.0009,0.0278,282
egg2-science-B,greedy-egg,0.005,0.0009,0.0278,603,0.005,0.0009,0.0278,595,0.005,0.0009,0.0278,615
egg2-science-B,greedy,0,0,0.0188,278.5,0,0,0.0188,267,0,0,0.0188,289.5
egg2-science-B,random,0,0,0.0188,256,0,0,0.0188,247,0,0,0.0188,261
egg3-balanced-A,greedy-egg,0.835,0.7773,0.88,93,0.805,0.7446,0.8539,94,0.905,0.8564,0.9383,95
egg3-balanced-A,greedy,0.4,0.3346,0.4692,110,0.305,0.2454,0.372,100,0.485,0.4167,0.5539,116
egg3-balanced-A,random,0.285,0.2269,0.3512,108.5,0.27,0.2132,0.3354,105.5,0.35,0.2873,0.4184,115
egg3-balanced-B,greedy-egg,0.915,0.8681,0.9463,121,0.895,0.8448,0.9303,121,0.95,0.9104,0.9726,121
egg3-balanced-B,greedy,0.82,0.7609,0.8671,154,0.795,0.7337,0.8451,153.5,0.905,0.8564,0.9383,155
egg3-balanced-B,random,0.715,0.6488,0.7731,161,0.69,0.6228,0.75,159,0.815,0.7554,0.8627,165
egg3-control,greedy-egg,0.35,0.2873,0.4184,122,0.245,0.1906,0.309,113,0.47,0.402,0.5391,136
egg3-control,greedy,0.01,0.0027,0.0357,91,0.01,0.0027,0.0357,87,0.02,0.0078,0.0503,114
egg3-control,random,0,0,0.0188,89,0,0,0.0188,83,0,0,0.0188,102
egg3-math-A,greedy-egg,0.715,0.6488,0.7731,85,0.655,0.5868,0.7174,83,0.805,0.7446,0.8539,86
egg3-math-A,greedy,0.235,0.1816,0.2984,88,0.175,0.1286,0.2336,80.5,0.3,0.2407,0.3668,93
egg3-math-A,random,0.08,0.0498,0.126,63.5,0.065,0.0384,0.108,58.5,0.115,0.0779,0.1666,82
egg3-math-B,greedy-egg,0.835,0.7773,0.88,128,0.805,0.7446,0.8539,127,0.9,0.8506,0.9343,128
egg3-math-B,greedy,0.41,0.3442,0.4792,192,0.405,0.3394,0.4742,189.5,0.49,0.4216,0.5588,195
egg3-math-B,random,0.335,0.2732,0.403,186,0.29,0.2315,0.3564,181.5,0.4,0.3346,0.4692,192.5
egg3-science-A,greedy-egg,0.89,0.8391,0.9262,100,0.86,0.8051,0.9013,100,0.96,0.9231,0.9796,100
egg3-science-A,greedy,0.83,0.7718,0.8757,103,0.83,0.7718,0.8757,104.5,0.855,0.7995,0.8971,105
egg3-science-A,random,0.785,0.723,0.8363,107,0.715,0.6488,0.7731,106.5,0.85,0.7939,0.8929,110
egg3-science-B,greedy-egg,0.505,0.4363,0.5735,122,0.465,0.3972,0.5341,121,0.64,0.5714,0.7033,126
egg3-science-B,greedy,0.15,0.1071,0.2061,133,0.12,0.082,0.1723,124.5,0.205,0.1549,0.2663,144
egg3-science-B,random,0.065,0.0384,0.108,116,0.05,0.0274,0.0896,111,0.105,0.0697,0.1552,126
egg4-balanced-A,greedy-egg,0,0,0.0188,225,0,0,0.0188,206.5,0,0,0.0188,248.5
egg4-balanced-A,greedy,0,0,0.0188,160,0,0,0.0188,153.5,0,0,0.0188,176.5
egg4-balanced-A,random,0,0,0.0188,121,0,0,0.0188,111,0,0,0.0188,147.5
egg4-balanced-B,greedy-egg,0,0,0.0188,202,0,0,0.0188,184.5,0,0,0.0188,253
egg4-balanced-B,greedy,0,0,0.0188,172,0,0,0.0188,160,0,0,0.0188,192.5
egg4-balanced-B,random,0,0,0.0188,125,0,0,0.0188,110.5,0,0,0.0188,154
egg4-control,greedy-egg,0,0,0.0188,126,0,0,0.0188,110,0,0,0.0188,140.5
egg4-control,greedy,0,0,0.0188,106.5,0,0,0.0188,91,0,0,0.0188,130.5
egg4-control,random,0,0,0.0188,75,0,0,0.0188,69,0,0,0.0188,95
egg4-math-A,greedy-egg,0,0,0.0188,101,0,0,0.0188,98.5,0,0,0.0188,115.5
egg4-math-A,greedy,0,0,0.0188,86,0,0,0.0188,82,0,0,0.0188,94
egg4-math-A,random,0,0,0.0188,66.5,0,0,0.0188,56.5,0,0,0.0188,76
egg4-math-B,greedy-egg,0,0,0.0188,331.5,0,0,0.0188,326,0,0,0.0188,364.5
egg4-math-B,greedy,0.015,0.0051,0.0432,280,0.005,0.0009,0.0278,269,0.035,0.0171,0.0705,300.5
egg4-math-B,random,0.005,0.0009,0.0278,233,0.005,0.0009,0.0278,222.5,0.01,0.0027,0.0357,253
egg4-science-A,greedy-egg,0,0,0.0188,120,0,0,0.0188,113,0,0,0.0188,142.5
egg4-science-A,greedy,0,0,0.0188,129.5,0,0,0.0188,117,0,0,0.0188,145.5
egg4-science-A,random,0,0,0.0188,87,0,0,0.0188,76,0,0,0.0188,107
egg4-science-B,greedy-egg,0,0,0.0188,428,0.005,0.0009,0.0278,412,0,0,0.0188,450.5
egg4-science-B,greedy,0,0,0.0188,172,0,0,0.0188,163,0,0,0.0188,187.5
egg4-science-B,random,0,0,0.0188,129.5,0,0,0.0188,119,0,0,0.0188,158.5
egg5-balanced-A,greedy-egg,0,0,0.0188,21,0,0,0.0188,20,0,0,0.0188,25
egg5-balanced-A,greedy,0,0,0.0188,26,0,0,0.0188,24,0,0,0.0188,30.5
egg5-balanced-A,random,0,0,0.0188,24,0,0,0.0188,22.5,0,0,0.0188,28
egg5-balanced-B,greedy-egg,0,0,0.0188,28,0,0,0.0188,26,0,0,0.0188,32
egg5-balanced-B,greedy,0,0,0.0188,39,0,0,0.0188,37,0,0,0.0188,47
egg5-balanced-B,random,0,0,0.0188,36,0,0,0.0188,33,0,0,0.0188,41
egg5-control,greedy-egg,0,0,0.0188,22,0,0,0.0188,20,0,0,0.0188,25
egg5-control,greedy,0,0,0.0188,34,0,0,0.0188,30,0,0,0.0188,38
egg5-control,random,0,0,0.0188,30,0,0,0.0188,28,0,0,0.0188,34.5
egg5-math-A,greedy-egg,0,0,0.0188,27,0,0,0.0188,24,0,0,0.0188,31
egg5-math-A,greedy,0,0,0.0188,44,0,0,0.0188,40,0,0,0.0188,49
egg5-math-A,random,0,0,0.0188,34.5,0,0,0.0188,32,0,0,0.0188,41
egg5-math-B,greedy-egg,0.01,0.0027,0.0357,103.5,0.01,0.0027,0.0357,95,0.02,0.0078,0.0503,120.5
egg5-math-B,greedy,0.025,0.0107,0.0572,189.5,0.02,0.0078,0.0503,180.5,0.04,0.0204,0.0769,206
egg5-math-B,random,0,0,0.0188,160.5,0,0,0.0188,158,0,0,0.0188,169.5
egg5-science-A,greedy-egg,0,0,0.0188,26,0,0,0.0188,24,0,0,0.0188,30.5
egg5-science-A,greedy,0,0,0.0188,40.5,0,0,0.0188,38,0,0,0.0188,48
egg5-science-A,random,0,0,0.0188,38,0,0,0.0188,34,0,0,0.0188,42
egg5-science-B,greedy-egg,0,0,0.0188,37,0,0,0.0188,32,0,0,0.0188,41.5
egg5-science-B,greedy,0,0,0.0188,66.5,0,0,0.0188,60.5,0,0,0.0188,73
egg5-science-B,random,0,0,0.0188,53,0,0,0.0188,49,0,0,0.0188,62
egg6-balanced-A,greedy-egg,0.415,0.3489,0.4843,181.5,0.405,0.3394,0.4742,180,0.53,0.4609,0.598,189
egg6-balanced-A,greedy,0.105,0.0697,0.1552,218.5,0.09,0.0577,0.1378,210,0.15,0.1071,0.2061,228
egg6-balanced-A,random,0.055,0.031,0.0958,202,0.04,0.0204,0.0769,194,0.06,0.0347,0.1019,209
egg6-balanced-B,greedy-egg,0.16,0.1157,0.2171,127.5,0.14,0.0987,0.1949,120.5,0.22,0.1682,0.2824,133.5
egg6-balanced-B,greedy,0.125,0.0861,0.178,149,0.1,0.0657,0.1494,144,0.195,0.1461,0.2554,156
egg6-balanced-B,random,0.06,0.0347,0.1019,136.5,0.055,0.031,0.0958,123.5,0.07,0.0422,0.1141,145
egg6-control,greedy-egg,0,0,0.0188,68,0,0,0.0188,65.5,0,0,0.0188,78
egg6-control,greedy,0,0,0.0188,71.5,0,0,0.0188,63,0,0,0.0188,90
egg6-control,random,0,0,0.0188,54,0,0,0.0188,52,0,0,0.0188,74
egg6-math-A,greedy-egg,0.01,0.0027,0.0357,61,0,0,0.0188,58,0.015,0.0051,0.0432,71.5
egg6-math-A,greedy,0,0,0.0188,66,0,0,0.0188,61,0,0,0.0188,72
egg6-math-A,random,0,0,0.0188,57.5,0,0,0.0188,50,0,0,0.0188,67
egg6-math-B,greedy-egg,0.145,0.1029,0.2005,162,0.135,0.0945,0.1893,153.5,0.205,0.1549,0.2663,172
egg6-math-B,greedy,0.075,0.046,0.12,196.5,0.05,0.0274,0.0896,189,0.115,0.0779,0.1666,207.5
egg6-math-B,random,0.025,0.0107,0.0572,184.5,0.02,0.0078,0.0503,179.5,0.04,0.0204,0.0769,196.5
egg6-science-A,greedy-egg,0.01,0.0027,0.0357,58.5,0,0,0.0188,57,0.01,0.0027,0.0357,67
egg6-science-A,greedy,0,0,0.0188,70.5,0,0,0.0188,63.5,0,0,0.0188,79
egg6-science-A,random,0,0,0.0188,56,0,0,0.0188,52,0,0,0.0188,67.5
egg6-science-B,greedy-egg,0.33,0.2686,0.3978,156,0.29,0.2315,0.3564,153,0.435,0.3682,0.5043,162
egg6-science-B,greedy,0.19,0.1417,0.25,210,0.165,0.12,0.2227,203,0.245,0.1906,0.309,221.5
egg6-science-B,random,0.045,0.0239,0.0833,182.5,0.03,0.0138,0.0639,175,0.075,0.046,0.12,200
